timestamp, name, uuid, temperature.gpu, utilization.gpu [%], memory.used [MiB], memory.total [MiB], power.draw [W]
2026/09/26 17:12:05.757, NVIDIA GeForce RTX 3090, <REDACTED_GPU_UUID>, 51, 0 %, 1190 MiB, 24576 MiB, 43.85 W
2026/09/26 17:12:06.758, NVIDIA GeForce RTX 3090, <REDACTED_GPU_UUID>, 51, 0 %, 1190 MiB, 24576 MiB, 43.58 W
2026/09/26 17:12:07.759, NVIDIA GeForce RTX 3090, <REDACTED_GPU_UUID>, 51, 0 %, 1190 MiB, 24576 MiB, 43.48 W
2026/09/26 17:12:08.760, NVIDIA GeForce RTX 3090, <REDACTED_GPU_UUID>, 51, 0 %, 1190 MiB, 24576 MiB, 43.59 W
2026/09/26 17:12:09.770, NVIDIA GeForce RTX 3090, <REDACTED_GPU_UUID>, 51, 0 %, 1190 MiB, 24576 MiB, 43.72 W
2026/09/26 17:12:10.770, NVIDIA GeForce RTX 3090, <REDACTED_GPU_UUID>, 51, 0 %, 1190 MiB, 24576 MiB, 43.70 W
2026/09/26 17:12:11.771, NVIDIA GeForce RTX 3090, <REDACTED_GPU_UUID>, 51, 2 %, 1190 MiB, 24576 MiB, 43.03 W
2026/09/26 17:12:12.772, NVIDIA GeForce RTX 3090, <REDACTED_GPU_UUID>, 51, 0 %, 1190 MiB, 24576 MiB, 43.05 W
2026/09/26 17:12:13.772, NVIDIA GeForce RTX 3090, <REDACTED_GPU_UUID>, 51, 0 %, 1190 MiB, 24576 MiB, 43.16 W
2026/09/26 17:12:14.773, NVIDIA GeForce RTX 3090, <REDACTED_GPU_UUID>, 51, 0 %, 1190 MiB, 24576 MiB, 43.19 W
2026/09/26 17:12:15.774, NVIDIA GeForce RTX 3090, <REDACTED_GPU_UUID>, 51, 0 %, 1190 MiB, 24576 MiB, 41.67 W
2026/09/26 17:12:16.775, NVIDIA GeForce RTX 3090, <REDACTED_GPU_UUID>, 51, 0 %, 1190 MiB, 24576 MiB, 40.65 W
2026/09/26 17:12:17.775, NVIDIA GeForce RTX 3090, <REDACTED_GPU_UUID>, 51, 0 %, 1193 MiB, 24576 MiB, 40.39 W
2026/09/26 17:12:18.776, NVIDIA GeForce RTX 3090, <REDACTED_GPU_UUID>, 51, 0 %, 1190 MiB, 24576 MiB, 40.67 W
2026/09/26 17:12:19.777, NVIDIA GeForce RTX 3090, <REDACTED_GPU_UUID>, 51, 1 %, 1190 MiB, 24576 MiB, 40.63 W
2026/09/26 17:12:20.778, NVIDIA GeForce RTX 3090, <REDACTED_GPU_UUID>, 51, 2 %, 1190 MiB, 24576 MiB, 40.53 W
2026/09/26 17:12:21.778, NVIDIA GeForce RTX 3090, <REDACTED_GPU_UUID>, 51, 0 %, 1190 MiB, 24576 MiB, 39.78 W
2026/09/26 17:12:22.779, NVIDIA GeForce RTX 3090, <REDACTED_GPU_UUID>, 51, 0 %, 1190 MiB, 24576 MiB, 39.93 W
2026/09/26 17:12:23.780, NVIDIA GeForce RTX 3090, <REDACTED_GPU_UUID>, 51, 0 %, 1190 MiB, 24576 MiB, 39.99 W
2026/09/26 17:12:24.780, NVIDIA GeForce RTX 3090, <REDACTED_GPU_UUID>, 51, 0 %, 1190 MiB, 24576 MiB, 40.47 W
2026/09/26 17:12:25.781, NVIDIA GeForce RTX 3090, <REDACTED_GPU_UUID>, 51, 0 %, 1190 MiB, 24576 MiB, 41.10 W
2026/09/26 17:12:26.781, NVIDIA GeForce RTX 3090, <REDACTED_GPU_UUID>, 51, 0 %, 1190 MiB, 24576 MiB, 41.10 W
2026/09/26 17:12:27.783, NVIDIA GeForce RTX 3090, <REDACTED_GPU_UUID>, 51, 0 %, 1190 MiB, 24576 MiB, 41.72 W
2026/09/26 17:12:28.783, NVIDIA GeForce RTX 3090, <REDACTED_GPU_UUID>, 51, 0 %, 1190 MiB, 24576 MiB, 39.89 W
2026/09/26 17:12:29.784, NVIDIA GeForce RTX 3090, <REDACTED_GPU_UUID>, 51, 0 %, 1190 MiB, 24576 MiB, 40.19 W
2026/09/26 17:12:30.784, NVIDIA GeForce RTX 3090, <REDACTED_GPU_UUID>, 51, 48 %, 1190 MiB, 24576 MiB, 41.41 W
2026/09/26 17:12:31.785, NVIDIA GeForce RTX 3090, <REDACTED_GPU_UUID>, 51, 29 %, 1190 MiB, 24576 MiB, 45.66 W
2026/09/26 17:12:32.785, NVIDIA GeForce RTX 3090, <REDACTED_GPU_UUID>, 51, 30 %, 1190 MiB, 24576 MiB, 45.56 W
2026/09/26 17:12:33.786, NVIDIA GeForce RTX 3090, <REDACTED_GPU_UUID>, 51, 31 %, 1190 MiB, 24576 MiB, 45.43 W
2026/09/26 17:12:34.787, NVIDIA GeForce RTX 3090, <REDACTED_GPU_UUID>, 51, 31 %, 1190 MiB, 24576 MiB, 45.27 W
2026/09/26 17:12:35.788, NVIDIA GeForce RTX 3090, <REDACTED_GPU_UUID>, 51, 29 %, 1190 MiB, 24576 MiB, 45.65 W
2026/09/26 17:12:36.789, NVIDIA GeForce RTX 3090, <REDACTED_GPU_UUID>, 51, 26 %, 1190 MiB, 24576 MiB, 45.37 W
2026/09/26 17:12:37.789, NVIDIA GeForce RTX 3090, <REDACTED_GPU_UUID>, 51, 31 %, 1190 MiB, 24576 MiB, 45.80 W
2026/09/26 17:12:38.789, NVIDIA GeForce RTX 3090, <REDACTED_GPU_UUID>, 51, 33 %, 1190 MiB, 24576 MiB, 45.45 W
2026/09/26 17:12:39.789, NVIDIA GeForce RTX 3090, <REDACTED_GPU_UUID>, 51, 33 %, 1190 MiB, 24576 MiB, 46.12 W
2026/09/26 17:12:40.790, NVIDIA GeForce RTX 3090, <REDACTED_GPU_UUID>, 51, 30 %, 1190 MiB, 24576 MiB, 45.90 W
2026/09/26 17:12:41.791, NVIDIA GeForce RTX 3090, <REDACTED_GPU_UUID>, 51, 0 %, 1190 MiB, 24576 MiB, 40.98 W
2026/09/26 17:12:42.792, NVIDIA GeForce RTX 3090, <REDACTED_GPU_UUID>, 51, 0 %, 1190 MiB, 24576 MiB, 39.00 W
2026/09/26 17:12:43.792, NVIDIA GeForce RTX 3090, <REDACTED_GPU_UUID>, 51, 0 %, 1190 MiB, 24576 MiB, 38.62 W
2026/09/26 17:12:44.793, NVIDIA GeForce RTX 3090, <REDACTED_GPU_UUID>, 51, 4 %, 1190 MiB, 24576 MiB, 38.43 W
2026/09/26 17:12:45.793, NVIDIA GeForce RTX 3090, <REDACTED_GPU_UUID>, 51, 0 %, 1190 MiB, 24576 MiB, 38.48 W
2026/09/26 17:12:46.794, NVIDIA GeForce RTX 3090, <REDACTED_GPU_UUID>, 51, 0 %, 1190 MiB, 24576 MiB, 38.46 W
2026/09/26 17:12:47.794, NVIDIA GeForce RTX 3090, <REDACTED_GPU_UUID>, 51, 0 %, 1190 MiB, 24576 MiB, 38.92 W
2026/09/26 17:12:48.795, NVIDIA GeForce RTX 3090, <REDACTED_GPU_UUID>, 51, 32 %, 1190 MiB, 24576 MiB, 42.64 W
2026/09/26 17:12:49.795, NVIDIA GeForce RTX 3090, <REDACTED_GPU_UUID>, 51, 2 %, 1190 MiB, 24576 MiB, 42.29 W
2026/09/26 17:12:50.797, NVIDIA GeForce RTX 3090, <REDACTED_GPU_UUID>, 51, 0 %, 1190 MiB, 24576 MiB, 40.13 W
2026/09/26 17:12:51.798, NVIDIA GeForce RTX 3090, <REDACTED_GPU_UUID>, 51, 0 %, 1190 MiB, 24576 MiB, 40.37 W
2026/09/26 17:12:52.798, NVIDIA GeForce RTX 3090, <REDACTED_GPU_UUID>, 51, 0 %, 1191 MiB, 24576 MiB, 41.80 W
2026/09/26 17:12:53.799, NVIDIA GeForce RTX 3090, <REDACTED_GPU_UUID>, 51, 2 %, 1191 MiB, 24576 MiB, 39.96 W
2026/09/26 17:12:54.800, NVIDIA GeForce RTX 3090, <REDACTED_GPU_UUID>, 51, 3 %, 1191 MiB, 24576 MiB, 39.39 W
2026/09/26 17:12:55.801, NVIDIA GeForce RTX 3090, <REDACTED_GPU_UUID>, 51, 0 %, 1191 MiB, 24576 MiB, 43.26 W
2026/09/26 17:12:56.802, NVIDIA GeForce RTX 3090, <REDACTED_GPU_UUID>, 52, 0 %, 1244 MiB, 24576 MiB, 57.64 W
2026/09/26 17:12:57.802, NVIDIA GeForce RTX 3090, <REDACTED_GPU_UUID>, 54, 6 %, 1232 MiB, 24576 MiB, 130.74 W
2026/09/26 17:12:58.803, NVIDIA GeForce RTX 3090, <REDACTED_GPU_UUID>, 54, 6 %, 1236 MiB, 24576 MiB, 130.87 W
2026/09/26 17:12:59.804, NVIDIA GeForce RTX 3090, <REDACTED_GPU_UUID>, 52, 1 %, 1236 MiB, 24576 MiB, 79.98 W
2026/09/26 17:13:00.805, NVIDIA GeForce RTX 3090, <REDACTED_GPU_UUID>, 52, 2 %, 1236 MiB, 24576 MiB, 44.83 W
2026/09/26 17:13:01.805, NVIDIA GeForce RTX 3090, <REDACTED_GPU_UUID>, 52, 13 %, 1236 MiB, 24576 MiB, 43.28 W
2026/09/26 17:13:02.806, NVIDIA GeForce RTX 3090, <REDACTED_GPU_UUID>, 51, 0 %, 1236 MiB, 24576 MiB, 42.54 W
2026/09/26 17:13:03.807, NVIDIA GeForce RTX 3090, <REDACTED_GPU_UUID>, 51, 0 %, 1236 MiB, 24576 MiB, 41.55 W
2026/09/26 17:13:04.807, NVIDIA GeForce RTX 3090, <REDACTED_GPU_UUID>, 51, 2 %, 1236 MiB, 24576 MiB, 41.57 W
2026/09/26 17:13:05.808, NVIDIA GeForce RTX 3090, <REDACTED_GPU_UUID>, 51, 1 %, 1236 MiB, 24576 MiB, 40.87 W
2026/09/26 17:13:06.809, NVIDIA GeForce RTX 3090, <REDACTED_GPU_UUID>, 51, 0 %, 1236 MiB, 24576 MiB, 40.87 W
2026/09/26 17:13:07.809, NVIDIA GeForce RTX 3090, <REDACTED_GPU_UUID>, 51, 0 %, 1236 MiB, 24576 MiB, 41.21 W
2026/09/26 17:13:08.809, NVIDIA GeForce RTX 3090, <REDACTED_GPU_UUID>, 51, 46 %, 1236 MiB, 24576 MiB, 41.90 W
2026/09/26 17:13:09.810, NVIDIA GeForce RTX 3090, <REDACTED_GPU_UUID>, 51, 30 %, 1236 MiB, 24576 MiB, 48.02 W
2026/09/26 17:13:10.811, NVIDIA GeForce RTX 3090, <REDACTED_GPU_UUID>, 51, 48 %, 1236 MiB, 24576 MiB, 47.98 W
2026/09/26 17:13:11.811, NVIDIA GeForce RTX 3090, <REDACTED_GPU_UUID>, 51, 30 %, 1236 MiB, 24576 MiB, 47.56 W
2026/09/26 17:13:12.812, NVIDIA GeForce RTX 3090, <REDACTED_GPU_UUID>, 51, 29 %, 1236 MiB, 24576 MiB, 48.15 W
2026/09/26 17:13:13.813, NVIDIA GeForce RTX 3090, <REDACTED_GPU_UUID>, 51, 29 %, 1236 MiB, 24576 MiB, 47.84 W
2026/09/26 17:13:14.814, NVIDIA GeForce RTX 3090, <REDACTED_GPU_UUID>, 51, 30 %, 1236 MiB, 24576 MiB, 48.27 W
2026/09/26 17:13:15.815, NVIDIA GeForce RTX 3090, <REDACTED_GPU_UUID>, 51, 31 %, 1236 MiB, 24576 MiB, 47.70 W
2026/09/26 17:13:16.815, NVIDIA GeForce RTX 3090, <REDACTED_GPU_UUID>, 51, 31 %, 1236 MiB, 24576 MiB, 48.37 W
2026/09/26 17:13:17.817, NVIDIA GeForce RTX 3090, <REDACTED_GPU_UUID>, 51, 29 %, 1236 MiB, 24576 MiB, 48.26 W
2026/09/26 17:13:18.817, NVIDIA GeForce RTX 3090, <REDACTED_GPU_UUID>, 51, 29 %, 1236 MiB, 24576 MiB, 48.69 W
2026/09/26 17:13:19.817, NVIDIA GeForce RTX 3090, <REDACTED_GPU_UUID>, 51, 29 %, 1236 MiB, 24576 MiB, 48.09 W
2026/09/26 17:13:20.818, NVIDIA GeForce RTX 3090, <REDACTED_GPU_UUID>, 51, 27 %, 1236 MiB, 24576 MiB, 48.10 W
2026/09/26 17:13:21.819, NVIDIA GeForce RTX 3090, <REDACTED_GPU_UUID>, 51, 31 %, 1236 MiB, 24576 MiB, 45.41 W
2026/09/26 17:13:22.820, NVIDIA GeForce RTX 3090, <REDACTED_GPU_UUID>, 52, 32 %, 1236 MiB, 24576 MiB, 47.05 W
2026/09/26 17:13:23.821, NVIDIA GeForce RTX 3090, <REDACTED_GPU_UUID>, 51, 21 %, 1277 MiB, 24576 MiB, 47.45 W
2026/09/26 17:13:24.821, NVIDIA GeForce RTX 3090, <REDACTED_GPU_UUID>, 51, 30 %, 1277 MiB, 24576 MiB, 45.77 W
2026/09/26 17:13:25.822, NVIDIA GeForce RTX 3090, <REDACTED_GPU_UUID>, 52, 29 %, 1296 MiB, 24576 MiB, 48.72 W
2026/09/26 17:13:26.822, NVIDIA GeForce RTX 3090, <REDACTED_GPU_UUID>, 51, 2 %, 1296 MiB, 24576 MiB, 47.19 W
2026/09/26 17:13:27.823, NVIDIA GeForce RTX 3090, <REDACTED_GPU_UUID>, 51, 0 %, 1296 MiB, 24576 MiB, 43.85 W
2026/09/26 17:13:28.824, NVIDIA GeForce RTX 3090, <REDACTED_GPU_UUID>, 51, 12 %, 1296 MiB, 24576 MiB, 46.97 W
2026/09/26 17:13:29.825, NVIDIA GeForce RTX 3090, <REDACTED_GPU_UUID>, 51, 0 %, 1296 MiB, 24576 MiB, 46.73 W
2026/09/26 17:13:30.826, NVIDIA GeForce RTX 3090, <REDACTED_GPU_UUID>, 51, 0 %, 1296 MiB, 24576 MiB, 44.81 W
2026/09/26 17:13:31.827, NVIDIA GeForce RTX 3090, <REDACTED_GPU_UUID>, 51, 0 %, 1296 MiB, 24576 MiB, 44.20 W
2026/09/26 17:13:32.827, NVIDIA GeForce RTX 3090, <REDACTED_GPU_UUID>, 51, 0 %, 1296 MiB, 24576 MiB, 44.28 W
2026/09/26 17:13:33.829, NVIDIA GeForce RTX 3090, <REDACTED_GPU_UUID>, 51, 0 %, 1296 MiB, 24576 MiB, 43.45 W
2026/09/26 17:13:34.830, NVIDIA GeForce RTX 3090, <REDACTED_GPU_UUID>, 51, 0 %, 1296 MiB, 24576 MiB, 42.46 W
2026/09/26 17:13:35.830, NVIDIA GeForce RTX 3090, <REDACTED_GPU_UUID>, 51, 68 %, 1296 MiB, 24576 MiB, 41.21 W
2026/09/26 17:13:36.831, NVIDIA GeForce RTX 3090, <REDACTED_GPU_UUID>, 51, 31 %, 1296 MiB, 24576 MiB, 47.74 W
2026/09/26 17:13:37.832, NVIDIA GeForce RTX 3090, <REDACTED_GPU_UUID>, 51, 22 %, 1296 MiB, 24576 MiB, 48.29 W
2026/09/26 17:13:38.833, NVIDIA GeForce RTX 3090, <REDACTED_GPU_UUID>, 51, 29 %, 1296 MiB, 24576 MiB, 47.89 W
2026/09/26 17:13:39.833, NVIDIA GeForce RTX 3090, <REDACTED_GPU_UUID>, 51, 29 %, 1296 MiB, 24576 MiB, 48.56 W
2026/09/26 17:13:40.834, NVIDIA GeForce RTX 3090, <REDACTED_GPU_UUID>, 51, 29 %, 1296 MiB, 24576 MiB, 48.03 W
2026/09/26 17:13:41.835, NVIDIA GeForce RTX 3090, <REDACTED_GPU_UUID>, 51, 30 %, 1296 MiB, 24576 MiB, 48.58 W
2026/09/26 17:13:42.835, NVIDIA GeForce RTX 3090, <REDACTED_GPU_UUID>, 51, 31 %, 1296 MiB, 24576 MiB, 48.41 W
2026/09/26 17:13:43.836, NVIDIA GeForce RTX 3090, <REDACTED_GPU_UUID>, 51, 30 %, 1296 MiB, 24576 MiB, 48.67 W
2026/09/26 17:13:44.837, NVIDIA GeForce RTX 3090, <REDACTED_GPU_UUID>, 51, 45 %, 1296 MiB, 24576 MiB, 48.22 W
2026/09/26 17:13:45.838, NVIDIA GeForce RTX 3090, <REDACTED_GPU_UUID>, 51, 28 %, 1296 MiB, 24576 MiB, 48.69 W
2026/09/26 17:13:46.838, NVIDIA GeForce RTX 3090, <REDACTED_GPU_UUID>, 51, 52 %, 1296 MiB, 24576 MiB, 48.87 W
2026/09/26 17:13:47.838, NVIDIA GeForce RTX 3090, <REDACTED_GPU_UUID>, 51, 34 %, 1296 MiB, 24576 MiB, 48.86 W
2026/09/26 17:13:48.838, NVIDIA GeForce RTX 3090, <REDACTED_GPU_UUID>, 51, 30 %, 1296 MiB, 24576 MiB, 47.80 W
2026/09/26 17:13:49.839, NVIDIA GeForce RTX 3090, <REDACTED_GPU_UUID>, 51, 11 %, 1296 MiB, 24576 MiB, 45.11 W
2026/09/26 17:13:50.840, NVIDIA GeForce RTX 3090, <REDACTED_GPU_UUID>, 51, 0 %, 1296 MiB, 24576 MiB, 44.89 W
2026/09/26 17:13:51.840, NVIDIA GeForce RTX 3090, <REDACTED_GPU_UUID>, 51, 0 %, 1296 MiB, 24576 MiB, 44.59 W
2026/09/26 17:13:52.841, NVIDIA GeForce RTX 3090, <REDACTED_GPU_UUID>, 51, 0 %, 1296 MiB, 24576 MiB, 44.55 W
2026/09/26 17:13:53.842, NVIDIA GeForce RTX 3090, <REDACTED_GPU_UUID>, 51, 0 %, 1296 MiB, 24576 MiB, 44.58 W
2026/09/26 17:13:54.843, NVIDIA GeForce RTX 3090, <REDACTED_GPU_UUID>, 51, 2 %, 1296 MiB, 24576 MiB, 44.52 W
2026/09/26 17:13:55.843, NVIDIA GeForce RTX 3090, <REDACTED_GPU_UUID>, 51, 0 %, 1296 MiB, 24576 MiB, 44.52 W
2026/09/26 17:13:56.844, NVIDIA GeForce RTX 3090, <REDACTED_GPU_UUID>, 51, 0 %, 1296 MiB, 24576 MiB, 44.41 W
2026/09/26 17:13:57.845, NVIDIA GeForce RTX 3090, <REDACTED_GPU_UUID>, 51, 0 %, 1296 MiB, 24576 MiB, 44.37 W
2026/09/26 17:13:58.846, NVIDIA GeForce RTX 3090, <REDACTED_GPU_UUID>, 51, 0 %, 1296 MiB, 24576 MiB, 43.59 W
2026/09/26 17:13:59.847, NVIDIA GeForce RTX 3090, <REDACTED_GPU_UUID>, 51, 51 %, 1296 MiB, 24576 MiB, 42.86 W
2026/09/26 17:14:00.848, NVIDIA GeForce RTX 3090, <REDACTED_GPU_UUID>, 51, 72 %, 1296 MiB, 24576 MiB, 42.44 W
2026/09/26 17:14:01.848, NVIDIA GeForce RTX 3090, <REDACTED_GPU_UUID>, 51, 30 %, 1296 MiB, 24576 MiB, 47.54 W
2026/09/26 17:14:02.848, NVIDIA GeForce RTX 3090, <REDACTED_GPU_UUID>, 51, 31 %, 1296 MiB, 24576 MiB, 48.36 W
2026/09/26 17:14:03.849, NVIDIA GeForce RTX 3090, <REDACTED_GPU_UUID>, 51, 31 %, 1296 MiB, 24576 MiB, 47.49 W
2026/09/26 17:14:04.850, NVIDIA GeForce RTX 3090, <REDACTED_GPU_UUID>, 51, 30 %, 1296 MiB, 24576 MiB, 47.95 W
2026/09/26 17:14:05.850, NVIDIA GeForce RTX 3090, <REDACTED_GPU_UUID>, 51, 29 %, 1296 MiB, 24576 MiB, 47.69 W
2026/09/26 17:14:06.851, NVIDIA GeForce RTX 3090, <REDACTED_GPU_UUID>, 51, 29 %, 1296 MiB, 24576 MiB, 47.71 W
2026/09/26 17:14:07.852, NVIDIA GeForce RTX 3090, <REDACTED_GPU_UUID>, 51, 43 %, 1296 MiB, 24576 MiB, 47.88 W
2026/09/26 17:14:08.853, NVIDIA GeForce RTX 3090, <REDACTED_GPU_UUID>, 51, 29 %, 1296 MiB, 24576 MiB, 48.40 W
2026/09/26 17:14:09.854, NVIDIA GeForce RTX 3090, <REDACTED_GPU_UUID>, 51, 32 %, 1296 MiB, 24576 MiB, 48.33 W
2026/09/26 17:14:10.855, NVIDIA GeForce RTX 3090, <REDACTED_GPU_UUID>, 51, 30 %, 1296 MiB, 24576 MiB, 48.35 W
2026/09/26 17:14:11.856, NVIDIA GeForce RTX 3090, <REDACTED_GPU_UUID>, 51, 4 %, 1296 MiB, 24576 MiB, 46.20 W
2026/09/26 17:14:12.857, NVIDIA GeForce RTX 3090, <REDACTED_GPU_UUID>, 51, 0 %, 1296 MiB, 24576 MiB, 44.42 W
2026/09/26 17:14:13.858, NVIDIA GeForce RTX 3090, <REDACTED_GPU_UUID>, 51, 0 %, 1296 MiB, 24576 MiB, 44.44 W
2026/09/26 17:14:14.859, NVIDIA GeForce RTX 3090, <REDACTED_GPU_UUID>, 51, 2 %, 1296 MiB, 24576 MiB, 44.48 W
2026/09/26 17:14:15.860, NVIDIA GeForce RTX 3090, <REDACTED_GPU_UUID>, 51, 43 %, 1296 MiB, 24576 MiB, 42.88 W
2026/09/26 17:14:16.861, NVIDIA GeForce RTX 3090, <REDACTED_GPU_UUID>, 51, 4 %, 1296 MiB, 24576 MiB, 40.96 W
2026/09/26 17:14:17.862, NVIDIA GeForce RTX 3090, <REDACTED_GPU_UUID>, 51, 30 %, 1296 MiB, 24576 MiB, 46.26 W
2026/09/26 17:14:18.862, NVIDIA GeForce RTX 3090, <REDACTED_GPU_UUID>, 51, 31 %, 1296 MiB, 24576 MiB, 48.55 W
2026/09/26 17:14:19.863, NVIDIA GeForce RTX 3090, <REDACTED_GPU_UUID>, 51, 31 %, 1296 MiB, 24576 MiB, 48.29 W
2026/09/26 17:14:20.864, NVIDIA GeForce RTX 3090, <REDACTED_GPU_UUID>, 51, 29 %, 1296 MiB, 24576 MiB, 48.57 W
2026/09/26 17:14:21.865, NVIDIA GeForce RTX 3090, <REDACTED_GPU_UUID>, 51, 45 %, 1296 MiB, 24576 MiB, 48.15 W
2026/09/26 17:14:22.866, NVIDIA GeForce RTX 3090, <REDACTED_GPU_UUID>, 51, 29 %, 1296 MiB, 24576 MiB, 48.64 W
2026/09/26 17:14:23.867, NVIDIA GeForce RTX 3090, <REDACTED_GPU_UUID>, 51, 48 %, 1296 MiB, 24576 MiB, 48.48 W
2026/09/26 17:14:24.868, NVIDIA GeForce RTX 3090, <REDACTED_GPU_UUID>, 51, 31 %, 1296 MiB, 24576 MiB, 48.49 W
2026/09/26 17:14:25.868, NVIDIA GeForce RTX 3090, <REDACTED_GPU_UUID>, 51, 47 %, 1296 MiB, 24576 MiB, 48.32 W
2026/09/26 17:14:26.869, NVIDIA GeForce RTX 3090, <REDACTED_GPU_UUID>, 51, 33 %, 1296 MiB, 24576 MiB, 48.86 W
2026/09/26 17:14:27.870, NVIDIA GeForce RTX 3090, <REDACTED_GPU_UUID>, 51, 54 %, 1296 MiB, 24576 MiB, 48.97 W
2026/09/26 17:14:28.870, NVIDIA GeForce RTX 3090, <REDACTED_GPU_UUID>, 51, 10 %, 1296 MiB, 24576 MiB, 48.86 W
2026/09/26 17:14:29.870, NVIDIA GeForce RTX 3090, <REDACTED_GPU_UUID>, 51, 46 %, 1296 MiB, 24576 MiB, 47.56 W
2026/09/26 17:14:30.870, NVIDIA GeForce RTX 3090, <REDACTED_GPU_UUID>, 51, 30 %, 1296 MiB, 24576 MiB, 48.74 W
2026/09/26 17:14:31.871, NVIDIA GeForce RTX 3090, <REDACTED_GPU_UUID>, 51, 40 %, 1296 MiB, 24576 MiB, 48.12 W
2026/09/26 17:14:32.872, NVIDIA GeForce RTX 3090, <REDACTED_GPU_UUID>, 51, 30 %, 1296 MiB, 24576 MiB, 47.67 W
2026/09/26 17:14:33.873, NVIDIA GeForce RTX 3090, <REDACTED_GPU_UUID>, 51, 30 %, 1296 MiB, 24576 MiB, 48.11 W
2026/09/26 17:14:34.873, NVIDIA GeForce RTX 3090, <REDACTED_GPU_UUID>, 51, 31 %, 1296 MiB, 24576 MiB, 46.65 W
2026/09/26 17:14:35.873, NVIDIA GeForce RTX 3090, <REDACTED_GPU_UUID>, 51, 30 %, 1296 MiB, 24576 MiB, 47.71 W
2026/09/26 17:14:36.875, NVIDIA GeForce RTX 3090, <REDACTED_GPU_UUID>, 51, 1 %, 1296 MiB, 24576 MiB, 46.15 W
2026/09/26 17:14:37.875, NVIDIA GeForce RTX 3090, <REDACTED_GPU_UUID>, 51, 4 %, 1296 MiB, 24576 MiB, 44.46 W
2026/09/26 17:14:38.876, NVIDIA GeForce RTX 3090, <REDACTED_GPU_UUID>, 51, 18 %, 1296 MiB, 24576 MiB, 42.56 W
2026/09/26 17:14:39.877, NVIDIA GeForce RTX 3090, <REDACTED_GPU_UUID>, 51, 17 %, 1296 MiB, 24576 MiB, 41.16 W
2026/09/26 17:14:40.878, NVIDIA GeForce RTX 3090, <REDACTED_GPU_UUID>, 51, 5 %, 1296 MiB, 24576 MiB, 41.67 W
2026/09/26 17:14:41.878, NVIDIA GeForce RTX 3090, <REDACTED_GPU_UUID>, 51, 29 %, 1296 MiB, 24576 MiB, 45.20 W
2026/09/26 17:14:42.879, NVIDIA GeForce RTX 3090, <REDACTED_GPU_UUID>, 51, 29 %, 1296 MiB, 24576 MiB, 48.09 W
2026/09/26 17:14:43.880, NVIDIA GeForce RTX 3090, <REDACTED_GPU_UUID>, 51, 30 %, 1296 MiB, 24576 MiB, 47.69 W
2026/09/26 17:14:44.880, NVIDIA GeForce RTX 3090, <REDACTED_GPU_UUID>, 51, 31 %, 1296 MiB, 24576 MiB, 47.99 W
2026/09/26 17:14:45.881, NVIDIA GeForce RTX 3090, <REDACTED_GPU_UUID>, 51, 47 %, 1296 MiB, 24576 MiB, 47.47 W
2026/09/26 17:14:46.882, NVIDIA GeForce RTX 3090, <REDACTED_GPU_UUID>, 51, 29 %, 1296 MiB, 24576 MiB, 47.70 W
2026/09/26 17:14:47.883, NVIDIA GeForce RTX 3090, <REDACTED_GPU_UUID>, 51, 46 %, 1296 MiB, 24576 MiB, 47.74 W
2026/09/26 17:14:48.883, NVIDIA GeForce RTX 3090, <REDACTED_GPU_UUID>, 51, 29 %, 1296 MiB, 24576 MiB, 47.70 W
2026/09/26 17:14:49.884, NVIDIA GeForce RTX 3090, <REDACTED_GPU_UUID>, 51, 48 %, 1296 MiB, 24576 MiB, 47.57 W
2026/09/26 17:14:50.884, NVIDIA GeForce RTX 3090, <REDACTED_GPU_UUID>, 51, 31 %, 1296 MiB, 24576 MiB, 47.65 W
2026/09/26 17:14:51.885, NVIDIA GeForce RTX 3090, <REDACTED_GPU_UUID>, 51, 28 %, 1296 MiB, 24576 MiB, 48.10 W
2026/09/26 17:14:52.886, NVIDIA GeForce RTX 3090, <REDACTED_GPU_UUID>, 51, 32 %, 1296 MiB, 24576 MiB, 48.36 W
2026/09/26 17:14:53.887, NVIDIA GeForce RTX 3090, <REDACTED_GPU_UUID>, 51, 32 %, 1296 MiB, 24576 MiB, 48.47 W
2026/09/26 17:14:54.887, NVIDIA GeForce RTX 3090, <REDACTED_GPU_UUID>, 51, 30 %, 1296 MiB, 24576 MiB, 47.12 W
2026/09/26 17:14:55.888, NVIDIA GeForce RTX 3090, <REDACTED_GPU_UUID>, 51, 10 %, 1296 MiB, 24576 MiB, 47.95 W
2026/09/26 17:14:56.889, NVIDIA GeForce RTX 3090, <REDACTED_GPU_UUID>, 51, 24 %, 1296 MiB, 24576 MiB, 47.02 W
2026/09/26 17:14:57.890, NVIDIA GeForce RTX 3090, <REDACTED_GPU_UUID>, 51, 48 %, 1296 MiB, 24576 MiB, 46.67 W
2026/09/26 17:14:58.891, NVIDIA GeForce RTX 3090, <REDACTED_GPU_UUID>, 51, 28 %, 1296 MiB, 24576 MiB, 47.85 W
2026/09/26 17:14:59.892, NVIDIA GeForce RTX 3090, <REDACTED_GPU_UUID>, 51, 3 %, 1296 MiB, 24576 MiB, 46.31 W
2026/09/26 17:15:00.892, NVIDIA GeForce RTX 3090, <REDACTED_GPU_UUID>, 51, 4 %, 1296 MiB, 24576 MiB, 44.66 W
2026/09/26 17:15:01.893, NVIDIA GeForce RTX 3090, <REDACTED_GPU_UUID>, 51, 0 %, 1296 MiB, 24576 MiB, 43.16 W
2026/09/26 17:15:02.894, NVIDIA GeForce RTX 3090, <REDACTED_GPU_UUID>, 51, 0 %, 1296 MiB, 24576 MiB, 44.80 W
2026/09/26 17:15:03.894, NVIDIA GeForce RTX 3090, <REDACTED_GPU_UUID>, 51, 8 %, 1296 MiB, 24576 MiB, 44.50 W
2026/09/26 17:15:04.896, NVIDIA GeForce RTX 3090, <REDACTED_GPU_UUID>, 51, 0 %, 1296 MiB, 24576 MiB, 44.79 W
2026/09/26 17:15:05.896, NVIDIA GeForce RTX 3090, <REDACTED_GPU_UUID>, 51, 2 %, 1296 MiB, 24576 MiB, 44.46 W
2026/09/26 17:15:06.897, NVIDIA GeForce RTX 3090, <REDACTED_GPU_UUID>, 51, 2 %, 1296 MiB, 24576 MiB, 44.56 W
2026/09/26 17:15:07.898, NVIDIA GeForce RTX 3090, <REDACTED_GPU_UUID>, 51, 0 %, 1296 MiB, 24576 MiB, 44.40 W
2026/09/26 17:15:08.899, NVIDIA GeForce RTX 3090, <REDACTED_GPU_UUID>, 51, 0 %, 1296 MiB, 24576 MiB, 44.37 W
2026/09/26 17:15:09.899, NVIDIA GeForce RTX 3090, <REDACTED_GPU_UUID>, 51, 0 %, 1296 MiB, 24576 MiB, 42.29 W
2026/09/26 17:15:10.900, NVIDIA GeForce RTX 3090, <REDACTED_GPU_UUID>, 51, 0 %, 1296 MiB, 24576 MiB, 42.23 W
2026/09/26 17:15:11.900, NVIDIA GeForce RTX 3090, <REDACTED_GPU_UUID>, 51, 22 %, 1296 MiB, 24576 MiB, 43.61 W
2026/09/26 17:15:12.902, NVIDIA GeForce RTX 3090, <REDACTED_GPU_UUID>, 51, 17 %, 1296 MiB, 24576 MiB, 44.93 W
2026/09/26 17:15:13.902, NVIDIA GeForce RTX 3090, <REDACTED_GPU_UUID>, 51, 0 %, 1298 MiB, 24576 MiB, 44.61 W
2026/09/26 17:15:14.903, NVIDIA GeForce RTX 3090, <REDACTED_GPU_UUID>, 51, 7 %, 1296 MiB, 24576 MiB, 44.40 W
2026/09/26 17:15:15.903, NVIDIA GeForce RTX 3090, <REDACTED_GPU_UUID>, 51, 0 %, 1296 MiB, 24576 MiB, 44.27 W
2026/09/26 17:15:16.904, NVIDIA GeForce RTX 3090, <REDACTED_GPU_UUID>, 51, 2 %, 1339 MiB, 24576 MiB, 43.09 W
2026/09/26 17:15:17.905, NVIDIA GeForce RTX 3090, <REDACTED_GPU_UUID>, 51, 4 %, 1339 MiB, 24576 MiB, 43.90 W
2026/09/26 17:15:18.907, NVIDIA GeForce RTX 3090, <REDACTED_GPU_UUID>, 51, 0 %, 1339 MiB, 24576 MiB, 40.26 W
2026/09/26 17:15:19.908, NVIDIA GeForce RTX 3090, <REDACTED_GPU_UUID>, 51, 13 %, 1339 MiB, 24576 MiB, 41.74 W
2026/09/26 17:15:20.909, NVIDIA GeForce RTX 3090, <REDACTED_GPU_UUID>, 51, 0 %, 1339 MiB, 24576 MiB, 41.98 W
2026/09/26 17:15:21.910, NVIDIA GeForce RTX 3090, <REDACTED_GPU_UUID>, 51, 0 %, 1339 MiB, 24576 MiB, 40.51 W
2026/09/26 17:15:22.910, NVIDIA GeForce RTX 3090, <REDACTED_GPU_UUID>, 51, 0 %, 1327 MiB, 24576 MiB, 40.85 W
2026/09/26 17:15:23.911, NVIDIA GeForce RTX 3090, <REDACTED_GPU_UUID>, 51, 0 %, 1326 MiB, 24576 MiB, 42.69 W
2026/09/26 17:15:24.911, NVIDIA GeForce RTX 3090, <REDACTED_GPU_UUID>, 51, 0 %, 1328 MiB, 24576 MiB, 43.05 W
2026/09/26 17:15:25.912, NVIDIA GeForce RTX 3090, <REDACTED_GPU_UUID>, 51, 0 %, 1328 MiB, 24576 MiB, 42.15 W
2026/09/26 17:15:26.913, NVIDIA GeForce RTX 3090, <REDACTED_GPU_UUID>, 51, 0 %, 1328 MiB, 24576 MiB, 42.36 W
2026/09/26 17:15:27.913, NVIDIA GeForce RTX 3090, <REDACTED_GPU_UUID>, 51, 0 %, 1327 MiB, 24576 MiB, 42.74 W
2026/09/26 17:15:28.914, NVIDIA GeForce RTX 3090, <REDACTED_GPU_UUID>, 51, 5 %, 1326 MiB, 24576 MiB, 42.98 W
2026/09/26 17:15:29.915, NVIDIA GeForce RTX 3090, <REDACTED_GPU_UUID>, 51, 0 %, 1326 MiB, 24576 MiB, 43.51 W
2026/09/26 17:15:30.916, NVIDIA GeForce RTX 3090, <REDACTED_GPU_UUID>, 51, 0 %, 1326 MiB, 24576 MiB, 43.49 W
2026/09/26 17:15:31.917, NVIDIA GeForce RTX 3090, <REDACTED_GPU_UUID>, 51, 0 %, 1328 MiB, 24576 MiB, 43.32 W
2026/09/26 17:15:32.918, NVIDIA GeForce RTX 3090, <REDACTED_GPU_UUID>, 51, 0 %, 1328 MiB, 24576 MiB, 43.55 W
2026/09/26 17:15:33.919, NVIDIA GeForce RTX 3090, <REDACTED_GPU_UUID>, 51, 34 %, 1328 MiB, 24576 MiB, 42.71 W
2026/09/26 17:15:34.920, NVIDIA GeForce RTX 3090, <REDACTED_GPU_UUID>, 51, 0 %, 1328 MiB, 24576 MiB, 40.96 W
2026/09/26 17:15:35.921, NVIDIA GeForce RTX 3090, <REDACTED_GPU_UUID>, 51, 29 %, 1328 MiB, 24576 MiB, 46.89 W
2026/09/26 17:15:36.922, NVIDIA GeForce RTX 3090, <REDACTED_GPU_UUID>, 51, 30 %, 1329 MiB, 24576 MiB, 47.89 W
2026/09/26 17:15:37.922, NVIDIA GeForce RTX 3090, <REDACTED_GPU_UUID>, 51, 37 %, 1329 MiB, 24576 MiB, 49.40 W
2026/09/26 17:15:38.923, NVIDIA GeForce RTX 3090, <REDACTED_GPU_UUID>, 51, 26 %, 1329 MiB, 24576 MiB, 49.43 W
2026/09/26 17:15:39.924, NVIDIA GeForce RTX 3090, <REDACTED_GPU_UUID>, 51, 27 %, 1329 MiB, 24576 MiB, 49.07 W
2026/09/26 17:15:40.924, NVIDIA GeForce RTX 3090, <REDACTED_GPU_UUID>, 51, 30 %, 1329 MiB, 24576 MiB, 48.46 W
2026/09/26 17:15:41.924, NVIDIA GeForce RTX 3090, <REDACTED_GPU_UUID>, 51, 29 %, 1329 MiB, 24576 MiB, 48.51 W
2026/09/26 17:15:42.925, NVIDIA GeForce RTX 3090, <REDACTED_GPU_UUID>, 51, 34 %, 1333 MiB, 24576 MiB, 48.59 W
2026/09/26 17:15:43.926, NVIDIA GeForce RTX 3090, <REDACTED_GPU_UUID>, 51, 28 %, 1333 MiB, 24576 MiB, 48.73 W
2026/09/26 17:15:44.927, NVIDIA GeForce RTX 3090, <REDACTED_GPU_UUID>, 51, 29 %, 1333 MiB, 24576 MiB, 47.62 W
2026/09/26 17:15:45.928, NVIDIA GeForce RTX 3090, <REDACTED_GPU_UUID>, 51, 33 %, 1333 MiB, 24576 MiB, 47.12 W
2026/09/26 17:15:46.928, NVIDIA GeForce RTX 3090, <REDACTED_GPU_UUID>, 51, 0 %, 1333 MiB, 24576 MiB, 46.95 W
2026/09/26 17:15:47.929, NVIDIA GeForce RTX 3090, <REDACTED_GPU_UUID>, 51, 2 %, 1333 MiB, 24576 MiB, 45.53 W
2026/09/26 17:15:48.930, NVIDIA GeForce RTX 3090, <REDACTED_GPU_UUID>, 51, 1 %, 1333 MiB, 24576 MiB, 45.25 W
2026/09/26 17:15:49.931, NVIDIA GeForce RTX 3090, <REDACTED_GPU_UUID>, 51, 0 %, 1333 MiB, 24576 MiB, 45.37 W
2026/09/26 17:15:50.932, NVIDIA GeForce RTX 3090, <REDACTED_GPU_UUID>, 51, 0 %, 1333 MiB, 24576 MiB, 45.21 W
2026/09/26 17:15:51.933, NVIDIA GeForce RTX 3090, <REDACTED_GPU_UUID>, 51, 0 %, 1333 MiB, 24576 MiB, 45.19 W
2026/09/26 17:15:52.934, NVIDIA GeForce RTX 3090, <REDACTED_GPU_UUID>, 51, 5 %, 1333 MiB, 24576 MiB, 45.23 W
2026/09/26 17:15:53.934, NVIDIA GeForce RTX 3090, <REDACTED_GPU_UUID>, 51, 12 %, 1333 MiB, 24576 MiB, 42.04 W
2026/09/26 17:15:54.935, NVIDIA GeForce RTX 3090, <REDACTED_GPU_UUID>, 51, 0 %, 1333 MiB, 24576 MiB, 40.83 W
2026/09/26 17:15:55.936, NVIDIA GeForce RTX 3090, <REDACTED_GPU_UUID>, 51, 31 %, 1333 MiB, 24576 MiB, 45.89 W
2026/09/26 17:15:56.936, NVIDIA GeForce RTX 3090, <REDACTED_GPU_UUID>, 51, 30 %, 1333 MiB, 24576 MiB, 48.07 W
2026/09/26 17:15:57.937, NVIDIA GeForce RTX 3090, <REDACTED_GPU_UUID>, 51, 29 %, 1333 MiB, 24576 MiB, 47.66 W
2026/09/26 17:15:58.938, NVIDIA GeForce RTX 3090, <REDACTED_GPU_UUID>, 51, 29 %, 1333 MiB, 24576 MiB, 48.14 W
2026/09/26 17:15:59.939, NVIDIA GeForce RTX 3090, <REDACTED_GPU_UUID>, 51, 29 %, 1333 MiB, 24576 MiB, 47.86 W
2026/09/26 17:16:00.940, NVIDIA GeForce RTX 3090, <REDACTED_GPU_UUID>, 51, 37 %, 1333 MiB, 24576 MiB, 46.89 W
2026/09/26 17:16:01.941, NVIDIA GeForce RTX 3090, <REDACTED_GPU_UUID>, 52, 14 %, 1334 MiB, 24576 MiB, 65.98 W
2026/09/26 17:16:02.942, NVIDIA GeForce RTX 3090, <REDACTED_GPU_UUID>, 52, 13 %, 1334 MiB, 24576 MiB, 85.47 W
2026/09/26 17:16:03.942, NVIDIA GeForce RTX 3090, <REDACTED_GPU_UUID>, 51, 26 %, 1334 MiB, 24576 MiB, 62.20 W
2026/09/26 17:16:04.943, NVIDIA GeForce RTX 3090, <REDACTED_GPU_UUID>, 51, 30 %, 1334 MiB, 24576 MiB, 47.15 W
2026/09/26 17:16:05.944, NVIDIA GeForce RTX 3090, <REDACTED_GPU_UUID>, 51, 31 %, 1334 MiB, 24576 MiB, 46.20 W
2026/09/26 17:16:06.945, NVIDIA GeForce RTX 3090, <REDACTED_GPU_UUID>, 51, 0 %, 1334 MiB, 24576 MiB, 45.72 W
2026/09/26 17:16:07.946, NVIDIA GeForce RTX 3090, <REDACTED_GPU_UUID>, 51, 48 %, 1337 MiB, 24576 MiB, 42.12 W
2026/09/26 17:16:08.946, NVIDIA GeForce RTX 3090, <REDACTED_GPU_UUID>, 51, 8 %, 1337 MiB, 24576 MiB, 43.59 W
2026/09/26 17:16:09.947, NVIDIA GeForce RTX 3090, <REDACTED_GPU_UUID>, 51, 5 %, 1337 MiB, 24576 MiB, 40.90 W
2026/09/26 17:16:10.948, NVIDIA GeForce RTX 3090, <REDACTED_GPU_UUID>, 51, 6 %, 1337 MiB, 24576 MiB, 42.88 W
2026/09/26 17:16:11.948, NVIDIA GeForce RTX 3090, <REDACTED_GPU_UUID>, 51, 31 %, 1337 MiB, 24576 MiB, 45.96 W
2026/09/26 17:16:12.949, NVIDIA GeForce RTX 3090, <REDACTED_GPU_UUID>, 51, 34 %, 1337 MiB, 24576 MiB, 46.81 W
2026/09/26 17:16:13.949, NVIDIA GeForce RTX 3090, <REDACTED_GPU_UUID>, 51, 12 %, 1337 MiB, 24576 MiB, 45.99 W
2026/09/26 17:16:14.950, NVIDIA GeForce RTX 3090, <REDACTED_GPU_UUID>, 51, 44 %, 1337 MiB, 24576 MiB, 43.90 W
2026/09/26 17:16:15.951, NVIDIA GeForce RTX 3090, <REDACTED_GPU_UUID>, 51, 28 %, 1337 MiB, 24576 MiB, 46.19 W
2026/09/26 17:16:16.952, NVIDIA GeForce RTX 3090, <REDACTED_GPU_UUID>, 51, 31 %, 1317 MiB, 24576 MiB, 46.10 W
2026/09/26 17:16:17.952, NVIDIA GeForce RTX 3090, <REDACTED_GPU_UUID>, 51, 11 %, 1316 MiB, 24576 MiB, 44.30 W
2026/09/26 17:16:18.953, NVIDIA GeForce RTX 3090, <REDACTED_GPU_UUID>, 51, 9 %, 1316 MiB, 24576 MiB, 42.49 W
2026/09/26 17:16:19.954, NVIDIA GeForce RTX 3090, <REDACTED_GPU_UUID>, 51, 59 %, 1316 MiB, 24576 MiB, 43.91 W
2026/09/26 17:16:20.955, NVIDIA GeForce RTX 3090, <REDACTED_GPU_UUID>, 51, 2 %, 1316 MiB, 24576 MiB, 44.06 W
2026/09/26 17:16:21.955, NVIDIA GeForce RTX 3090, <REDACTED_GPU_UUID>, 51, 2 %, 1315 MiB, 24576 MiB, 43.70 W
2026/09/26 17:16:22.957, NVIDIA GeForce RTX 3090, <REDACTED_GPU_UUID>, 51, 10 %, 1315 MiB, 24576 MiB, 44.49 W
2026/09/26 17:16:23.957, NVIDIA GeForce RTX 3090, <REDACTED_GPU_UUID>, 51, 8 %, 1315 MiB, 24576 MiB, 44.18 W
2026/09/26 17:16:24.958, NVIDIA GeForce RTX 3090, <REDACTED_GPU_UUID>, 53, 0 %, 1539 MiB, 24576 MiB, 81.60 W
2026/09/26 17:16:25.959, NVIDIA GeForce RTX 3090, <REDACTED_GPU_UUID>, 54, 47 %, 14843 MiB, 24576 MiB, 137.80 W
2026/09/26 17:16:26.959, NVIDIA GeForce RTX 3090, <REDACTED_GPU_UUID>, 55, 48 %, 14843 MiB, 24576 MiB, 155.29 W
2026/09/26 17:16:27.960, NVIDIA GeForce RTX 3090, <REDACTED_GPU_UUID>, 55, 47 %, 14843 MiB, 24576 MiB, 155.62 W
2026/09/26 17:16:28.961, NVIDIA GeForce RTX 3090, <REDACTED_GPU_UUID>, 55, 0 %, 20249 MiB, 24576 MiB, 157.12 W
2026/09/26 17:16:29.961, NVIDIA GeForce RTX 3090, <REDACTED_GPU_UUID>, 55, 0 %, 20249 MiB, 24576 MiB, 152.65 W
2026/09/26 17:16:30.962, NVIDIA GeForce RTX 3090, <REDACTED_GPU_UUID>, 55, 0 %, 20249 MiB, 24576 MiB, 146.58 W
2026/09/26 17:16:31.963, NVIDIA GeForce RTX 3090, <REDACTED_GPU_UUID>, 53, 0 %, 20249 MiB, 24576 MiB, 70.53 W
2026/09/26 17:16:32.964, NVIDIA GeForce RTX 3090, <REDACTED_GPU_UUID>, 53, 0 %, 20249 MiB, 24576 MiB, 45.81 W
2026/09/26 17:16:33.964, NVIDIA GeForce RTX 3090, <REDACTED_GPU_UUID>, 52, 0 %, 20249 MiB, 24576 MiB, 44.66 W
2026/09/26 17:16:34.965, NVIDIA GeForce RTX 3090, <REDACTED_GPU_UUID>, 52, 0 %, 20249 MiB, 24576 MiB, 43.54 W
2026/09/26 17:16:35.966, NVIDIA GeForce RTX 3090, <REDACTED_GPU_UUID>, 52, 0 %, 20249 MiB, 24576 MiB, 43.44 W
2026/09/26 17:16:36.967, NVIDIA GeForce RTX 3090, <REDACTED_GPU_UUID>, 52, 0 %, 20249 MiB, 24576 MiB, 43.34 W
2026/09/26 17:16:37.967, NVIDIA GeForce RTX 3090, <REDACTED_GPU_UUID>, 52, 1 %, 20249 MiB, 24576 MiB, 43.35 W
2026/09/26 17:16:38.968, NVIDIA GeForce RTX 3090, <REDACTED_GPU_UUID>, 52, 2 %, 20249 MiB, 24576 MiB, 43.46 W
2026/09/26 17:16:39.968, NVIDIA GeForce RTX 3090, <REDACTED_GPU_UUID>, 52, 0 %, 20249 MiB, 24576 MiB, 43.56 W
2026/09/26 17:16:40.969, NVIDIA GeForce RTX 3090, <REDACTED_GPU_UUID>, 52, 0 %, 20249 MiB, 24576 MiB, 43.57 W
2026/09/26 17:16:41.969, NVIDIA GeForce RTX 3090, <REDACTED_GPU_UUID>, 52, 0 %, 20249 MiB, 24576 MiB, 43.43 W
2026/09/26 17:16:42.970, NVIDIA GeForce RTX 3090, <REDACTED_GPU_UUID>, 52, 0 %, 20249 MiB, 24576 MiB, 43.35 W
2026/09/26 17:16:43.971, NVIDIA GeForce RTX 3090, <REDACTED_GPU_UUID>, 52, 0 %, 20249 MiB, 24576 MiB, 43.46 W
2026/09/26 17:16:44.972, NVIDIA GeForce RTX 3090, <REDACTED_GPU_UUID>, 52, 0 %, 20249 MiB, 24576 MiB, 43.46 W
2026/09/26 17:16:45.973, NVIDIA GeForce RTX 3090, <REDACTED_GPU_UUID>, 52, 0 %, 20249 MiB, 24576 MiB, 43.45 W
2026/09/26 17:16:46.974, NVIDIA GeForce RTX 3090, <REDACTED_GPU_UUID>, 51, 2 %, 20249 MiB, 24576 MiB, 41.46 W
2026/09/26 17:16:47.975, NVIDIA GeForce RTX 3090, <REDACTED_GPU_UUID>, 51, 6 %, 20249 MiB, 24576 MiB, 43.84 W
2026/09/26 17:16:48.975, NVIDIA GeForce RTX 3090, <REDACTED_GPU_UUID>, 51, 19 %, 20249 MiB, 24576 MiB, 42.15 W
2026/09/26 17:16:49.976, NVIDIA GeForce RTX 3090, <REDACTED_GPU_UUID>, 54, 38 %, 20251 MiB, 24576 MiB, 93.28 W
2026/09/26 17:16:50.977, NVIDIA GeForce RTX 3090, <REDACTED_GPU_UUID>, 54, 0 %, 20249 MiB, 24576 MiB, 137.52 W
2026/09/26 17:16:51.977, NVIDIA GeForce RTX 3090, <REDACTED_GPU_UUID>, 53, 0 %, 20249 MiB, 24576 MiB, 101.42 W
2026/09/26 17:16:52.978, NVIDIA GeForce RTX 3090, <REDACTED_GPU_UUID>, 53, 0 %, 20249 MiB, 24576 MiB, 82.58 W
2026/09/26 17:16:53.979, NVIDIA GeForce RTX 3090, <REDACTED_GPU_UUID>, 53, 0 %, 20249 MiB, 24576 MiB, 79.36 W
2026/09/26 17:16:54.980, NVIDIA GeForce RTX 3090, <REDACTED_GPU_UUID>, 52, 14 %, 20253 MiB, 24576 MiB, 43.24 W
2026/09/26 17:16:55.980, NVIDIA GeForce RTX 3090, <REDACTED_GPU_UUID>, 52, 0 %, 20253 MiB, 24576 MiB, 39.98 W
2026/09/26 17:16:56.981, NVIDIA GeForce RTX 3090, <REDACTED_GPU_UUID>, 52, 6 %, 20253 MiB, 24576 MiB, 40.65 W
2026/09/26 17:16:57.982, NVIDIA GeForce RTX 3090, <REDACTED_GPU_UUID>, 52, 0 %, 20253 MiB, 24576 MiB, 38.89 W
2026/09/26 17:16:58.982, NVIDIA GeForce RTX 3090, <REDACTED_GPU_UUID>, 52, 0 %, 20253 MiB, 24576 MiB, 38.46 W
2026/09/26 17:16:59.983, NVIDIA GeForce RTX 3090, <REDACTED_GPU_UUID>, 51, 6 %, 20253 MiB, 24576 MiB, 38.74 W
2026/09/26 17:17:00.983, NVIDIA GeForce RTX 3090, <REDACTED_GPU_UUID>, 51, 0 %, 20253 MiB, 24576 MiB, 38.70 W
2026/09/26 17:17:01.984, NVIDIA GeForce RTX 3090, <REDACTED_GPU_UUID>, 51, 0 %, 20253 MiB, 24576 MiB, 38.71 W
2026/09/26 17:17:02.984, NVIDIA GeForce RTX 3090, <REDACTED_GPU_UUID>, 51, 0 %, 20253 MiB, 24576 MiB, 38.82 W
2026/09/26 17:17:03.985, NVIDIA GeForce RTX 3090, <REDACTED_GPU_UUID>, 51, 6 %, 20253 MiB, 24576 MiB, 38.69 W
2026/09/26 17:17:04.986, NVIDIA GeForce RTX 3090, <REDACTED_GPU_UUID>, 51, 0 %, 20253 MiB, 24576 MiB, 39.03 W
2026/09/26 17:17:05.986, NVIDIA GeForce RTX 3090, <REDACTED_GPU_UUID>, 51, 6 %, 20253 MiB, 24576 MiB, 39.02 W
2026/09/26 17:17:06.987, NVIDIA GeForce RTX 3090, <REDACTED_GPU_UUID>, 54, 1 %, 20253 MiB, 24576 MiB, 135.77 W
2026/09/26 17:17:07.987, NVIDIA GeForce RTX 3090, <REDACTED_GPU_UUID>, 55, 0 %, 20253 MiB, 24576 MiB, 152.35 W
2026/09/26 17:17:08.988, NVIDIA GeForce RTX 3090, <REDACTED_GPU_UUID>, 53, 14 %, 20253 MiB, 24576 MiB, 110.65 W
2026/09/26 17:17:09.989, NVIDIA GeForce RTX 3090, <REDACTED_GPU_UUID>, 53, 2 %, 20253 MiB, 24576 MiB, 82.73 W
2026/09/26 17:17:10.990, NVIDIA GeForce RTX 3090, <REDACTED_GPU_UUID>, 52, 4 %, 20253 MiB, 24576 MiB, 72.70 W
2026/09/26 17:17:11.991, NVIDIA GeForce RTX 3090, <REDACTED_GPU_UUID>, 52, 0 %, 20253 MiB, 24576 MiB, 42.56 W
2026/09/26 17:17:12.991, NVIDIA GeForce RTX 3090, <REDACTED_GPU_UUID>, 52, 57 %, 20253 MiB, 24576 MiB, 44.75 W
2026/09/26 17:17:13.992, NVIDIA GeForce RTX 3090, <REDACTED_GPU_UUID>, 52, 2 %, 20253 MiB, 24576 MiB, 44.26 W
2026/09/26 17:17:14.993, NVIDIA GeForce RTX 3090, <REDACTED_GPU_UUID>, 52, 0 %, 20253 MiB, 24576 MiB, 43.82 W
2026/09/26 17:17:15.994, NVIDIA GeForce RTX 3090, <REDACTED_GPU_UUID>, 52, 2 %, 20253 MiB, 24576 MiB, 42.84 W
2026/09/26 17:17:16.994, NVIDIA GeForce RTX 3090, <REDACTED_GPU_UUID>, 52, 0 %, 20257 MiB, 24576 MiB, 42.85 W
2026/09/26 17:17:17.995, NVIDIA GeForce RTX 3090, <REDACTED_GPU_UUID>, 52, 0 %, 20257 MiB, 24576 MiB, 42.88 W
2026/09/26 17:17:18.996, NVIDIA GeForce RTX 3090, <REDACTED_GPU_UUID>, 52, 11 %, 20257 MiB, 24576 MiB, 41.36 W
2026/09/26 17:17:19.997, NVIDIA GeForce RTX 3090, <REDACTED_GPU_UUID>, 51, 0 %, 20257 MiB, 24576 MiB, 40.44 W
2026/09/26 17:17:20.997, NVIDIA GeForce RTX 3090, <REDACTED_GPU_UUID>, 52, 47 %, 20257 MiB, 24576 MiB, 43.33 W
2026/09/26 17:17:21.998, NVIDIA GeForce RTX 3090, <REDACTED_GPU_UUID>, 52, 29 %, 20257 MiB, 24576 MiB, 47.88 W
2026/09/26 17:17:22.998, NVIDIA GeForce RTX 3090, <REDACTED_GPU_UUID>, 52, 45 %, 20257 MiB, 24576 MiB, 48.63 W
2026/09/26 17:17:23.998, NVIDIA GeForce RTX 3090, <REDACTED_GPU_UUID>, 52, 29 %, 20257 MiB, 24576 MiB, 48.29 W
2026/09/26 17:17:24.999, NVIDIA GeForce RTX 3090, <REDACTED_GPU_UUID>, 52, 31 %, 20257 MiB, 24576 MiB, 48.79 W
2026/09/26 17:17:26.000, NVIDIA GeForce RTX 3090, <REDACTED_GPU_UUID>, 52, 30 %, 20257 MiB, 24576 MiB, 48.57 W
2026/09/26 17:17:27.000, NVIDIA GeForce RTX 3090, <REDACTED_GPU_UUID>, 52, 29 %, 20257 MiB, 24576 MiB, 48.71 W
2026/09/26 17:17:28.001, NVIDIA GeForce RTX 3090, <REDACTED_GPU_UUID>, 52, 29 %, 20257 MiB, 24576 MiB, 48.25 W
2026/09/26 17:17:29.001, NVIDIA GeForce RTX 3090, <REDACTED_GPU_UUID>, 52, 29 %, 20257 MiB, 24576 MiB, 48.30 W
2026/09/26 17:17:30.002, NVIDIA GeForce RTX 3090, <REDACTED_GPU_UUID>, 52, 31 %, 20257 MiB, 24576 MiB, 47.84 W
2026/09/26 17:17:31.002, NVIDIA GeForce RTX 3090, <REDACTED_GPU_UUID>, 52, 31 %, 20257 MiB, 24576 MiB, 47.67 W
2026/09/26 17:17:32.002, NVIDIA GeForce RTX 3090, <REDACTED_GPU_UUID>, 52, 31 %, 20257 MiB, 24576 MiB, 47.04 W
2026/09/26 17:17:33.007, NVIDIA GeForce RTX 3090, <REDACTED_GPU_UUID>, 52, 29 %, 20257 MiB, 24576 MiB, 47.18 W
2026/09/26 17:17:34.008, NVIDIA GeForce RTX 3090, <REDACTED_GPU_UUID>, 52, 29 %, 20257 MiB, 24576 MiB, 47.05 W
2026/09/26 17:17:35.009, NVIDIA GeForce RTX 3090, <REDACTED_GPU_UUID>, 52, 33 %, 20257 MiB, 24576 MiB, 47.73 W
2026/09/26 17:17:36.010, NVIDIA GeForce RTX 3090, <REDACTED_GPU_UUID>, 52, 55 %, 20257 MiB, 24576 MiB, 47.49 W
2026/09/26 17:17:37.011, NVIDIA GeForce RTX 3090, <REDACTED_GPU_UUID>, 52, 32 %, 20257 MiB, 24576 MiB, 47.03 W
2026/09/26 17:17:38.011, NVIDIA GeForce RTX 3090, <REDACTED_GPU_UUID>, 52, 32 %, 20257 MiB, 24576 MiB, 47.03 W
2026/09/26 17:17:39.012, NVIDIA GeForce RTX 3090, <REDACTED_GPU_UUID>, 52, 29 %, 20257 MiB, 24576 MiB, 46.94 W
2026/09/26 17:17:40.013, NVIDIA GeForce RTX 3090, <REDACTED_GPU_UUID>, 52, 42 %, 20257 MiB, 24576 MiB, 46.63 W
2026/09/26 17:17:41.013, NVIDIA GeForce RTX 3090, <REDACTED_GPU_UUID>, 51, 0 %, 20257 MiB, 24576 MiB, 40.54 W
2026/09/26 17:17:42.014, NVIDIA GeForce RTX 3090, <REDACTED_GPU_UUID>, 52, 30 %, 20257 MiB, 24576 MiB, 45.70 W
2026/09/26 17:17:43.015, NVIDIA GeForce RTX 3090, <REDACTED_GPU_UUID>, 52, 29 %, 20257 MiB, 24576 MiB, 48.61 W
2026/09/26 17:17:44.015, NVIDIA GeForce RTX 3090, <REDACTED_GPU_UUID>, 52, 29 %, 20257 MiB, 24576 MiB, 47.89 W
2026/09/26 17:17:45.016, NVIDIA GeForce RTX 3090, <REDACTED_GPU_UUID>, 52, 30 %, 20257 MiB, 24576 MiB, 48.13 W
2026/09/26 17:17:46.016, NVIDIA GeForce RTX 3090, <REDACTED_GPU_UUID>, 52, 31 %, 20257 MiB, 24576 MiB, 47.63 W
2026/09/26 17:17:47.017, NVIDIA GeForce RTX 3090, <REDACTED_GPU_UUID>, 52, 31 %, 20257 MiB, 24576 MiB, 47.24 W
2026/09/26 17:17:48.018, NVIDIA GeForce RTX 3090, <REDACTED_GPU_UUID>, 52, 31 %, 20257 MiB, 24576 MiB, 46.28 W
2026/09/26 17:17:49.018, NVIDIA GeForce RTX 3090, <REDACTED_GPU_UUID>, 52, 29 %, 20257 MiB, 24576 MiB, 46.20 W
2026/09/26 17:17:50.019, NVIDIA GeForce RTX 3090, <REDACTED_GPU_UUID>, 52, 30 %, 20258 MiB, 24576 MiB, 46.15 W
2026/09/26 17:17:51.020, NVIDIA GeForce RTX 3090, <REDACTED_GPU_UUID>, 52, 30 %, 20258 MiB, 24576 MiB, 47.76 W
2026/09/26 17:17:52.021, NVIDIA GeForce RTX 3090, <REDACTED_GPU_UUID>, 52, 30 %, 20258 MiB, 24576 MiB, 46.24 W
2026/09/26 17:17:53.021, NVIDIA GeForce RTX 3090, <REDACTED_GPU_UUID>, 52, 29 %, 20258 MiB, 24576 MiB, 46.21 W
2026/09/26 17:17:54.022, NVIDIA GeForce RTX 3090, <REDACTED_GPU_UUID>, 52, 30 %, 20258 MiB, 24576 MiB, 46.54 W
2026/09/26 17:17:55.022, NVIDIA GeForce RTX 3090, <REDACTED_GPU_UUID>, 52, 27 %, 20258 MiB, 24576 MiB, 46.12 W
2026/09/26 17:17:56.023, NVIDIA GeForce RTX 3090, <REDACTED_GPU_UUID>, 52, 33 %, 20258 MiB, 24576 MiB, 46.42 W
2026/09/26 17:17:57.023, NVIDIA GeForce RTX 3090, <REDACTED_GPU_UUID>, 52, 34 %, 20258 MiB, 24576 MiB, 46.75 W
2026/09/26 17:17:58.024, NVIDIA GeForce RTX 3090, <REDACTED_GPU_UUID>, 52, 33 %, 20258 MiB, 24576 MiB, 46.79 W
2026/09/26 17:17:59.025, NVIDIA GeForce RTX 3090, <REDACTED_GPU_UUID>, 52, 31 %, 20258 MiB, 24576 MiB, 47.12 W
2026/09/26 17:18:00.025, NVIDIA GeForce RTX 3090, <REDACTED_GPU_UUID>, 52, 33 %, 20258 MiB, 24576 MiB, 46.98 W
2026/09/26 17:18:01.026, NVIDIA GeForce RTX 3090, <REDACTED_GPU_UUID>, 52, 28 %, 20258 MiB, 24576 MiB, 46.09 W
2026/09/26 17:18:02.027, NVIDIA GeForce RTX 3090, <REDACTED_GPU_UUID>, 52, 48 %, 20257 MiB, 24576 MiB, 47.44 W
2026/09/26 17:18:03.028, NVIDIA GeForce RTX 3090, <REDACTED_GPU_UUID>, 52, 27 %, 20257 MiB, 24576 MiB, 47.66 W
2026/09/26 17:18:04.029, NVIDIA GeForce RTX 3090, <REDACTED_GPU_UUID>, 52, 42 %, 20257 MiB, 24576 MiB, 47.79 W
2026/09/26 17:18:05.030, NVIDIA GeForce RTX 3090, <REDACTED_GPU_UUID>, 52, 29 %, 20257 MiB, 24576 MiB, 46.60 W
2026/09/26 17:18:06.031, NVIDIA GeForce RTX 3090, <REDACTED_GPU_UUID>, 52, 29 %, 20257 MiB, 24576 MiB, 48.02 W
2026/09/26 17:18:07.031, NVIDIA GeForce RTX 3090, <REDACTED_GPU_UUID>, 52, 31 %, 20259 MiB, 24576 MiB, 47.60 W
2026/09/26 17:18:08.032, NVIDIA GeForce RTX 3090, <REDACTED_GPU_UUID>, 60, 98 %, 20265 MiB, 24576 MiB, 202.80 W
2026/09/26 17:18:09.032, NVIDIA GeForce RTX 3090, <REDACTED_GPU_UUID>, 56, 0 %, 20265 MiB, 24576 MiB, 246.10 W
2026/09/26 17:18:10.033, NVIDIA GeForce RTX 3090, <REDACTED_GPU_UUID>, 56, 0 %, 20265 MiB, 24576 MiB, 152.89 W
2026/09/26 17:18:11.033, NVIDIA GeForce RTX 3090, <REDACTED_GPU_UUID>, 53, 0 %, 20265 MiB, 24576 MiB, 104.14 W
2026/09/26 17:18:12.034, NVIDIA GeForce RTX 3090, <REDACTED_GPU_UUID>, 53, 0 %, 20265 MiB, 24576 MiB, 48.67 W
2026/09/26 17:18:13.035, NVIDIA GeForce RTX 3090, <REDACTED_GPU_UUID>, 53, 33 %, 20265 MiB, 24576 MiB, 43.26 W
2026/09/26 17:18:14.036, NVIDIA GeForce RTX 3090, <REDACTED_GPU_UUID>, 52, 10 %, 20265 MiB, 24576 MiB, 40.37 W
2026/09/26 17:18:15.037, NVIDIA GeForce RTX 3090, <REDACTED_GPU_UUID>, 52, 0 %, 20265 MiB, 24576 MiB, 40.96 W
2026/09/26 17:18:16.038, NVIDIA GeForce RTX 3090, <REDACTED_GPU_UUID>, 52, 0 %, 20265 MiB, 24576 MiB, 39.53 W
2026/09/26 17:18:17.039, NVIDIA GeForce RTX 3090, <REDACTED_GPU_UUID>, 52, 30 %, 20265 MiB, 24576 MiB, 44.59 W
2026/09/26 17:18:18.039, NVIDIA GeForce RTX 3090, <REDACTED_GPU_UUID>, 52, 31 %, 20265 MiB, 24576 MiB, 48.83 W
2026/09/26 17:18:19.040, NVIDIA GeForce RTX 3090, <REDACTED_GPU_UUID>, 52, 46 %, 20265 MiB, 24576 MiB, 48.61 W
2026/09/26 17:18:20.041, NVIDIA GeForce RTX 3090, <REDACTED_GPU_UUID>, 53, 29 %, 20265 MiB, 24576 MiB, 48.86 W
2026/09/26 17:18:21.042, NVIDIA GeForce RTX 3090, <REDACTED_GPU_UUID>, 52, 41 %, 20265 MiB, 24576 MiB, 49.07 W
2026/09/26 17:18:22.043, NVIDIA GeForce RTX 3090, <REDACTED_GPU_UUID>, 52, 30 %, 20265 MiB, 24576 MiB, 48.91 W
2026/09/26 17:18:23.043, NVIDIA GeForce RTX 3090, <REDACTED_GPU_UUID>, 52, 45 %, 20265 MiB, 24576 MiB, 48.97 W
2026/09/26 17:18:24.044, NVIDIA GeForce RTX 3090, <REDACTED_GPU_UUID>, 52, 30 %, 20265 MiB, 24576 MiB, 48.62 W
2026/09/26 17:18:25.045, NVIDIA GeForce RTX 3090, <REDACTED_GPU_UUID>, 52, 0 %, 20265 MiB, 24576 MiB, 48.16 W
2026/09/26 17:18:26.046, NVIDIA GeForce RTX 3090, <REDACTED_GPU_UUID>, 52, 57 %, 20265 MiB, 24576 MiB, 46.74 W
2026/09/26 17:18:27.047, NVIDIA GeForce RTX 3090, <REDACTED_GPU_UUID>, 52, 34 %, 20265 MiB, 24576 MiB, 48.92 W
2026/09/26 17:18:28.048, NVIDIA GeForce RTX 3090, <REDACTED_GPU_UUID>, 52, 33 %, 20265 MiB, 24576 MiB, 49.14 W
2026/09/26 17:18:29.049, NVIDIA GeForce RTX 3090, <REDACTED_GPU_UUID>, 52, 30 %, 20265 MiB, 24576 MiB, 48.56 W
2026/09/26 17:18:30.049, NVIDIA GeForce RTX 3090, <REDACTED_GPU_UUID>, 52, 0 %, 20265 MiB, 24576 MiB, 47.62 W
2026/09/26 17:18:31.050, NVIDIA GeForce RTX 3090, <REDACTED_GPU_UUID>, 52, 0 %, 20265 MiB, 24576 MiB, 46.32 W
2026/09/26 17:18:32.051, NVIDIA GeForce RTX 3090, <REDACTED_GPU_UUID>, 52, 0 %, 20265 MiB, 24576 MiB, 45.40 W
2026/09/26 17:18:33.051, NVIDIA GeForce RTX 3090, <REDACTED_GPU_UUID>, 52, 0 %, 20265 MiB, 24576 MiB, 41.34 W
2026/09/26 17:18:34.052, NVIDIA GeForce RTX 3090, <REDACTED_GPU_UUID>, 52, 0 %, 20265 MiB, 24576 MiB, 39.24 W
2026/09/26 17:18:35.053, NVIDIA GeForce RTX 3090, <REDACTED_GPU_UUID>, 52, 0 %, 20265 MiB, 24576 MiB, 39.30 W
2026/09/26 17:18:36.054, NVIDIA GeForce RTX 3090, <REDACTED_GPU_UUID>, 52, 0 %, 20265 MiB, 24576 MiB, 39.31 W
2026/09/26 17:18:37.055, NVIDIA GeForce RTX 3090, <REDACTED_GPU_UUID>, 52, 0 %, 20265 MiB, 24576 MiB, 39.12 W
2026/09/26 17:18:38.055, NVIDIA GeForce RTX 3090, <REDACTED_GPU_UUID>, 52, 4 %, 20265 MiB, 24576 MiB, 39.84 W
2026/09/26 17:18:39.056, NVIDIA GeForce RTX 3090, <REDACTED_GPU_UUID>, 52, 0 %, 20265 MiB, 24576 MiB, 45.00 W
2026/09/26 17:18:40.057, NVIDIA GeForce RTX 3090, <REDACTED_GPU_UUID>, 52, 0 %, 20265 MiB, 24576 MiB, 45.10 W
2026/09/26 17:18:41.058, NVIDIA GeForce RTX 3090, <REDACTED_GPU_UUID>, 52, 0 %, 20265 MiB, 24576 MiB, 39.66 W
2026/09/26 17:18:42.059, NVIDIA GeForce RTX 3090, <REDACTED_GPU_UUID>, 52, 0 %, 20265 MiB, 24576 MiB, 39.54 W
2026/09/26 17:18:43.059, NVIDIA GeForce RTX 3090, <REDACTED_GPU_UUID>, 52, 4 %, 20265 MiB, 24576 MiB, 39.66 W
2026/09/26 17:18:44.060, NVIDIA GeForce RTX 3090, <REDACTED_GPU_UUID>, 52, 4 %, 20265 MiB, 24576 MiB, 39.62 W
2026/09/26 17:18:45.061, NVIDIA GeForce RTX 3090, <REDACTED_GPU_UUID>, 52, 71 %, 20265 MiB, 24576 MiB, 41.20 W
2026/09/26 17:18:46.062, NVIDIA GeForce RTX 3090, <REDACTED_GPU_UUID>, 52, 29 %, 20265 MiB, 24576 MiB, 47.67 W
2026/09/26 17:18:47.063, NVIDIA GeForce RTX 3090, <REDACTED_GPU_UUID>, 52, 29 %, 20265 MiB, 24576 MiB, 49.32 W
2026/09/26 17:18:48.064, NVIDIA GeForce RTX 3090, <REDACTED_GPU_UUID>, 52, 30 %, 20265 MiB, 24576 MiB, 49.14 W
2026/09/26 17:18:49.064, NVIDIA GeForce RTX 3090, <REDACTED_GPU_UUID>, 52, 30 %, 20265 MiB, 24576 MiB, 47.06 W
2026/09/26 17:18:50.065, NVIDIA GeForce RTX 3090, <REDACTED_GPU_UUID>, 52, 34 %, 20265 MiB, 24576 MiB, 46.47 W
2026/09/26 17:18:51.065, NVIDIA GeForce RTX 3090, <REDACTED_GPU_UUID>, 52, 32 %, 20265 MiB, 24576 MiB, 47.91 W
2026/09/26 17:18:52.070, NVIDIA GeForce RTX 3090, <REDACTED_GPU_UUID>, 52, 32 %, 20265 MiB, 24576 MiB, 48.54 W
2026/09/26 17:18:53.070, NVIDIA GeForce RTX 3090, <REDACTED_GPU_UUID>, 52, 29 %, 20265 MiB, 24576 MiB, 47.57 W
2026/09/26 17:18:54.071, NVIDIA GeForce RTX 3090, <REDACTED_GPU_UUID>, 52, 0 %, 20265 MiB, 24576 MiB, 44.92 W
2026/09/26 17:18:55.071, NVIDIA GeForce RTX 3090, <REDACTED_GPU_UUID>, 52, 0 %, 20265 MiB, 24576 MiB, 43.85 W
2026/09/26 17:18:56.071, NVIDIA GeForce RTX 3090, <REDACTED_GPU_UUID>, 52, 4 %, 20265 MiB, 24576 MiB, 44.59 W
2026/09/26 17:18:57.072, NVIDIA GeForce RTX 3090, <REDACTED_GPU_UUID>, 52, 4 %, 20265 MiB, 24576 MiB, 45.39 W
2026/09/26 17:18:58.073, NVIDIA GeForce RTX 3090, <REDACTED_GPU_UUID>, 52, 0 %, 20265 MiB, 24576 MiB, 42.18 W
2026/09/26 17:18:59.074, NVIDIA GeForce RTX 3090, <REDACTED_GPU_UUID>, 52, 0 %, 20265 MiB, 24576 MiB, 39.32 W
2026/09/26 17:19:00.075, NVIDIA GeForce RTX 3090, <REDACTED_GPU_UUID>, 52, 4 %, 20265 MiB, 24576 MiB, 39.61 W
2026/09/26 17:19:01.075, NVIDIA GeForce RTX 3090, <REDACTED_GPU_UUID>, 52, 33 %, 20265 MiB, 24576 MiB, 44.11 W
2026/09/26 17:19:02.077, NVIDIA GeForce RTX 3090, <REDACTED_GPU_UUID>, 52, 29 %, 20265 MiB, 24576 MiB, 46.51 W
2026/09/26 17:19:03.077, NVIDIA GeForce RTX 3090, <REDACTED_GPU_UUID>, 52, 26 %, 20265 MiB, 24576 MiB, 46.52 W
2026/09/26 17:19:04.077, NVIDIA GeForce RTX 3090, <REDACTED_GPU_UUID>, 52, 45 %, 20265 MiB, 24576 MiB, 46.35 W
2026/09/26 17:19:05.077, NVIDIA GeForce RTX 3090, <REDACTED_GPU_UUID>, 52, 31 %, 20265 MiB, 24576 MiB, 46.41 W
2026/09/26 17:19:06.079, NVIDIA GeForce RTX 3090, <REDACTED_GPU_UUID>, 52, 45 %, 20265 MiB, 24576 MiB, 46.19 W
2026/09/26 17:19:07.079, NVIDIA GeForce RTX 3090, <REDACTED_GPU_UUID>, 52, 29 %, 20265 MiB, 24576 MiB, 46.16 W
2026/09/26 17:19:08.079, NVIDIA GeForce RTX 3090, <REDACTED_GPU_UUID>, 52, 43 %, 20265 MiB, 24576 MiB, 46.18 W
2026/09/26 17:19:09.080, NVIDIA GeForce RTX 3090, <REDACTED_GPU_UUID>, 52, 31 %, 20265 MiB, 24576 MiB, 47.68 W
2026/09/26 17:19:10.081, NVIDIA GeForce RTX 3090, <REDACTED_GPU_UUID>, 52, 34 %, 20265 MiB, 24576 MiB, 48.10 W
2026/09/26 17:19:11.081, NVIDIA GeForce RTX 3090, <REDACTED_GPU_UUID>, 52, 5 %, 20265 MiB, 24576 MiB, 47.02 W
2026/09/26 17:19:12.083, NVIDIA GeForce RTX 3090, <REDACTED_GPU_UUID>, 52, 26 %, 20265 MiB, 24576 MiB, 45.31 W
2026/09/26 17:19:13.083, NVIDIA GeForce RTX 3090, <REDACTED_GPU_UUID>, 52, 43 %, 20265 MiB, 24576 MiB, 45.57 W
2026/09/26 17:19:14.084, NVIDIA GeForce RTX 3090, <REDACTED_GPU_UUID>, 52, 0 %, 20265 MiB, 24576 MiB, 44.55 W
2026/09/26 17:19:15.085, NVIDIA GeForce RTX 3090, <REDACTED_GPU_UUID>, 52, 21 %, 20265 MiB, 24576 MiB, 45.02 W
2026/09/26 17:19:16.085, NVIDIA GeForce RTX 3090, <REDACTED_GPU_UUID>, 52, 7 %, 20265 MiB, 24576 MiB, 45.65 W
2026/09/26 17:19:17.086, NVIDIA GeForce RTX 3090, <REDACTED_GPU_UUID>, 52, 0 %, 20265 MiB, 24576 MiB, 40.07 W
2026/09/26 17:19:18.086, NVIDIA GeForce RTX 3090, <REDACTED_GPU_UUID>, 52, 4 %, 20265 MiB, 24576 MiB, 39.04 W
2026/09/26 17:19:19.087, NVIDIA GeForce RTX 3090, <REDACTED_GPU_UUID>, 52, 0 %, 20265 MiB, 24576 MiB, 38.99 W
2026/09/26 17:19:20.087, NVIDIA GeForce RTX 3090, <REDACTED_GPU_UUID>, 51, 0 %, 20265 MiB, 24576 MiB, 39.11 W
2026/09/26 17:19:21.088, NVIDIA GeForce RTX 3090, <REDACTED_GPU_UUID>, 51, 0 %, 20265 MiB, 24576 MiB, 39.36 W
2026/09/26 17:19:22.088, NVIDIA GeForce RTX 3090, <REDACTED_GPU_UUID>, 51, 0 %, 20265 MiB, 24576 MiB, 39.25 W
2026/09/26 17:19:23.089, NVIDIA GeForce RTX 3090, <REDACTED_GPU_UUID>, 51, 0 %, 20265 MiB, 24576 MiB, 39.05 W
2026/09/26 17:19:24.089, NVIDIA GeForce RTX 3090, <REDACTED_GPU_UUID>, 51, 0 %, 20265 MiB, 24576 MiB, 39.07 W
2026/09/26 17:19:25.090, NVIDIA GeForce RTX 3090, <REDACTED_GPU_UUID>, 51, 0 %, 20265 MiB, 24576 MiB, 38.84 W
2026/09/26 17:19:26.090, NVIDIA GeForce RTX 3090, <REDACTED_GPU_UUID>, 51, 4 %, 20265 MiB, 24576 MiB, 38.89 W
2026/09/26 17:19:27.091, NVIDIA GeForce RTX 3090, <REDACTED_GPU_UUID>, 51, 4 %, 20265 MiB, 24576 MiB, 39.07 W
2026/09/26 17:19:28.092, NVIDIA GeForce RTX 3090, <REDACTED_GPU_UUID>, 51, 4 %, 20265 MiB, 24576 MiB, 39.33 W
2026/09/26 17:19:29.093, NVIDIA GeForce RTX 3090, <REDACTED_GPU_UUID>, 51, 4 %, 20265 MiB, 24576 MiB, 39.49 W
2026/09/26 17:19:30.094, NVIDIA GeForce RTX 3090, <REDACTED_GPU_UUID>, 51, 7 %, 20265 MiB, 24576 MiB, 39.77 W
2026/09/26 17:19:31.095, NVIDIA GeForce RTX 3090, <REDACTED_GPU_UUID>, 52, 72 %, 20265 MiB, 24576 MiB, 41.49 W
2026/09/26 17:19:32.096, NVIDIA GeForce RTX 3090, <REDACTED_GPU_UUID>, 52, 30 %, 20265 MiB, 24576 MiB, 46.88 W
2026/09/26 17:19:33.096, NVIDIA GeForce RTX 3090, <REDACTED_GPU_UUID>, 52, 29 %, 20265 MiB, 24576 MiB, 46.38 W
2026/09/26 17:19:34.097, NVIDIA GeForce RTX 3090, <REDACTED_GPU_UUID>, 52, 29 %, 20265 MiB, 24576 MiB, 46.13 W
2026/09/26 17:19:35.098, NVIDIA GeForce RTX 3090, <REDACTED_GPU_UUID>, 52, 29 %, 20265 MiB, 24576 MiB, 45.99 W
2026/09/26 17:19:36.099, NVIDIA GeForce RTX 3090, <REDACTED_GPU_UUID>, 52, 8 %, 20265 MiB, 24576 MiB, 45.15 W
2026/09/26 17:19:37.100, NVIDIA GeForce RTX 3090, <REDACTED_GPU_UUID>, 52, 30 %, 20265 MiB, 24576 MiB, 46.68 W
2026/09/26 17:19:38.100, NVIDIA GeForce RTX 3090, <REDACTED_GPU_UUID>, 52, 12 %, 20265 MiB, 24576 MiB, 47.28 W
2026/09/26 17:19:39.101, NVIDIA GeForce RTX 3090, <REDACTED_GPU_UUID>, 52, 17 %, 20265 MiB, 24576 MiB, 44.68 W
2026/09/26 17:19:40.102, NVIDIA GeForce RTX 3090, <REDACTED_GPU_UUID>, 52, 46 %, 20265 MiB, 24576 MiB, 44.16 W
2026/09/26 17:19:41.102, NVIDIA GeForce RTX 3090, <REDACTED_GPU_UUID>, 52, 27 %, 20265 MiB, 24576 MiB, 47.44 W
2026/09/26 17:19:42.103, NVIDIA GeForce RTX 3090, <REDACTED_GPU_UUID>, 52, 30 %, 20265 MiB, 24576 MiB, 49.13 W
2026/09/26 17:19:43.104, NVIDIA GeForce RTX 3090, <REDACTED_GPU_UUID>, 52, 0 %, 20265 MiB, 24576 MiB, 47.36 W
2026/09/26 17:19:44.105, NVIDIA GeForce RTX 3090, <REDACTED_GPU_UUID>, 52, 0 %, 20265 MiB, 24576 MiB, 45.65 W
2026/09/26 17:19:45.106, NVIDIA GeForce RTX 3090, <REDACTED_GPU_UUID>, 52, 0 %, 20265 MiB, 24576 MiB, 45.51 W
2026/09/26 17:19:46.107, NVIDIA GeForce RTX 3090, <REDACTED_GPU_UUID>, 52, 2 %, 20265 MiB, 24576 MiB, 45.26 W
2026/09/26 17:19:47.109, NVIDIA GeForce RTX 3090, <REDACTED_GPU_UUID>, 51, 11 %, 20265 MiB, 24576 MiB, 41.36 W
2026/09/26 17:19:48.109, NVIDIA GeForce RTX 3090, <REDACTED_GPU_UUID>, 51, 0 %, 20265 MiB, 24576 MiB, 40.66 W
2026/09/26 17:19:49.109, NVIDIA GeForce RTX 3090, <REDACTED_GPU_UUID>, 52, 48 %, 20265 MiB, 24576 MiB, 44.43 W
2026/09/26 17:19:50.110, NVIDIA GeForce RTX 3090, <REDACTED_GPU_UUID>, 52, 34 %, 20265 MiB, 24576 MiB, 46.65 W
2026/09/26 17:19:51.110, NVIDIA GeForce RTX 3090, <REDACTED_GPU_UUID>, 52, 46 %, 20265 MiB, 24576 MiB, 46.36 W
2026/09/26 17:19:52.111, NVIDIA GeForce RTX 3090, <REDACTED_GPU_UUID>, 52, 39 %, 20265 MiB, 24576 MiB, 45.57 W
2026/09/26 17:19:53.111, NVIDIA GeForce RTX 3090, <REDACTED_GPU_UUID>, 51, 2 %, 20265 MiB, 24576 MiB, 44.00 W
2026/09/26 17:19:54.112, NVIDIA GeForce RTX 3090, <REDACTED_GPU_UUID>, 51, 41 %, 20265 MiB, 24576 MiB, 42.46 W
2026/09/26 17:19:55.113, NVIDIA GeForce RTX 3090, <REDACTED_GPU_UUID>, 52, 31 %, 20265 MiB, 24576 MiB, 43.66 W
2026/09/26 17:19:56.114, NVIDIA GeForce RTX 3090, <REDACTED_GPU_UUID>, 51, 51 %, 20297 MiB, 24576 MiB, 41.62 W
2026/09/26 17:19:57.114, NVIDIA GeForce RTX 3090, <REDACTED_GPU_UUID>, 52, 30 %, 20297 MiB, 24576 MiB, 48.30 W
2026/09/26 17:19:58.115, NVIDIA GeForce RTX 3090, <REDACTED_GPU_UUID>, 52, 15 %, 20297 MiB, 24576 MiB, 46.69 W
2026/09/26 17:19:59.116, NVIDIA GeForce RTX 3090, <REDACTED_GPU_UUID>, 52, 22 %, 20297 MiB, 24576 MiB, 45.55 W
2026/09/26 17:20:00.117, NVIDIA GeForce RTX 3090, <REDACTED_GPU_UUID>, 51, 43 %, 20297 MiB, 24576 MiB, 45.87 W
2026/09/26 17:20:01.118, NVIDIA GeForce RTX 3090, <REDACTED_GPU_UUID>, 52, 18 %, 20297 MiB, 24576 MiB, 47.31 W
2026/09/26 17:20:02.119, NVIDIA GeForce RTX 3090, <REDACTED_GPU_UUID>, 52, 0 %, 20297 MiB, 24576 MiB, 47.69 W
2026/09/26 17:20:03.120, NVIDIA GeForce RTX 3090, <REDACTED_GPU_UUID>, 56, 94 %, 20297 MiB, 24576 MiB, 103.26 W
2026/09/26 17:20:04.120, NVIDIA GeForce RTX 3090, <REDACTED_GPU_UUID>, 56, 0 %, 20297 MiB, 24576 MiB, 317.45 W
2026/09/26 17:20:05.122, NVIDIA GeForce RTX 3090, <REDACTED_GPU_UUID>, 56, 0 %, 20297 MiB, 24576 MiB, 153.28 W
2026/09/26 17:20:06.123, NVIDIA GeForce RTX 3090, <REDACTED_GPU_UUID>, 54, 0 %, 20297 MiB, 24576 MiB, 127.35 W
2026/09/26 17:20:07.124, NVIDIA GeForce RTX 3090, <REDACTED_GPU_UUID>, 54, 1 %, 20297 MiB, 24576 MiB, 84.29 W
2026/09/26 17:20:08.125, NVIDIA GeForce RTX 3090, <REDACTED_GPU_UUID>, 54, 19 %, 20297 MiB, 24576 MiB, 83.19 W
2026/09/26 17:20:09.125, NVIDIA GeForce RTX 3090, <REDACTED_GPU_UUID>, 53, 0 %, 20297 MiB, 24576 MiB, 50.67 W
2026/09/26 17:20:10.126, NVIDIA GeForce RTX 3090, <REDACTED_GPU_UUID>, 53, 33 %, 20297 MiB, 24576 MiB, 47.13 W
2026/09/26 17:20:11.131, NVIDIA GeForce RTX 3090, <REDACTED_GPU_UUID>, 53, 49 %, 20297 MiB, 24576 MiB, 48.72 W
2026/09/26 17:20:12.132, NVIDIA GeForce RTX 3090, <REDACTED_GPU_UUID>, 53, 29 %, 20297 MiB, 24576 MiB, 47.85 W
2026/09/26 17:20:13.132, NVIDIA GeForce RTX 3090, <REDACTED_GPU_UUID>, 53, 29 %, 20297 MiB, 24576 MiB, 47.83 W
2026/09/26 17:20:14.132, NVIDIA GeForce RTX 3090, <REDACTED_GPU_UUID>, 53, 29 %, 20297 MiB, 24576 MiB, 47.63 W
2026/09/26 17:20:15.133, NVIDIA GeForce RTX 3090, <REDACTED_GPU_UUID>, 53, 30 %, 20297 MiB, 24576 MiB, 47.84 W
2026/09/26 17:20:16.134, NVIDIA GeForce RTX 3090, <REDACTED_GPU_UUID>, 52, 31 %, 20297 MiB, 24576 MiB, 47.58 W
2026/09/26 17:20:17.135, NVIDIA GeForce RTX 3090, <REDACTED_GPU_UUID>, 53, 30 %, 20297 MiB, 24576 MiB, 47.65 W
2026/09/26 17:20:18.136, NVIDIA GeForce RTX 3090, <REDACTED_GPU_UUID>, 53, 29 %, 20297 MiB, 24576 MiB, 47.31 W
2026/09/26 17:20:19.137, NVIDIA GeForce RTX 3090, <REDACTED_GPU_UUID>, 52, 29 %, 20297 MiB, 24576 MiB, 47.65 W
2026/09/26 17:20:20.138, NVIDIA GeForce RTX 3090, <REDACTED_GPU_UUID>, 52, 31 %, 20297 MiB, 24576 MiB, 47.46 W
2026/09/26 17:20:21.138, NVIDIA GeForce RTX 3090, <REDACTED_GPU_UUID>, 52, 31 %, 20297 MiB, 24576 MiB, 47.54 W
2026/09/26 17:20:22.140, NVIDIA GeForce RTX 3090, <REDACTED_GPU_UUID>, 52, 30 %, 20297 MiB, 24576 MiB, 47.30 W
2026/09/26 17:20:23.140, NVIDIA GeForce RTX 3090, <REDACTED_GPU_UUID>, 52, 29 %, 20297 MiB, 24576 MiB, 47.51 W
2026/09/26 17:20:24.140, NVIDIA GeForce RTX 3090, <REDACTED_GPU_UUID>, 52, 31 %, 20297 MiB, 24576 MiB, 47.41 W
2026/09/26 17:20:25.141, NVIDIA GeForce RTX 3090, <REDACTED_GPU_UUID>, 52, 33 %, 20297 MiB, 24576 MiB, 47.96 W
2026/09/26 17:20:26.141, NVIDIA GeForce RTX 3090, <REDACTED_GPU_UUID>, 52, 42 %, 20297 MiB, 24576 MiB, 46.52 W
2026/09/26 17:20:27.142, NVIDIA GeForce RTX 3090, <REDACTED_GPU_UUID>, 52, 21 %, 20297 MiB, 24576 MiB, 47.85 W
2026/09/26 17:20:28.143, NVIDIA GeForce RTX 3090, <REDACTED_GPU_UUID>, 52, 41 %, 20297 MiB, 24576 MiB, 47.68 W
2026/09/26 17:20:29.144, NVIDIA GeForce RTX 3090, <REDACTED_GPU_UUID>, 52, 25 %, 20297 MiB, 24576 MiB, 47.55 W
2026/09/26 17:20:30.144, NVIDIA GeForce RTX 3090, <REDACTED_GPU_UUID>, 52, 29 %, 20297 MiB, 24576 MiB, 47.03 W
2026/09/26 17:20:31.145, NVIDIA GeForce RTX 3090, <REDACTED_GPU_UUID>, 52, 29 %, 20297 MiB, 24576 MiB, 48.69 W
2026/09/26 17:20:32.145, NVIDIA GeForce RTX 3090, <REDACTED_GPU_UUID>, 52, 28 %, 20297 MiB, 24576 MiB, 48.85 W
2026/09/26 17:20:33.146, NVIDIA GeForce RTX 3090, <REDACTED_GPU_UUID>, 52, 27 %, 20297 MiB, 24576 MiB, 48.16 W
2026/09/26 17:20:34.146, NVIDIA GeForce RTX 3090, <REDACTED_GPU_UUID>, 52, 27 %, 20297 MiB, 24576 MiB, 48.77 W
2026/09/26 17:20:35.147, NVIDIA GeForce RTX 3090, <REDACTED_GPU_UUID>, 52, 28 %, 20297 MiB, 24576 MiB, 46.53 W
2026/09/26 17:20:36.148, NVIDIA GeForce RTX 3090, <REDACTED_GPU_UUID>, 52, 29 %, 20297 MiB, 24576 MiB, 45.39 W
2026/09/26 17:20:37.149, NVIDIA GeForce RTX 3090, <REDACTED_GPU_UUID>, 52, 29 %, 20297 MiB, 24576 MiB, 45.22 W
2026/09/26 17:20:38.150, NVIDIA GeForce RTX 3090, <REDACTED_GPU_UUID>, 52, 27 %, 20297 MiB, 24576 MiB, 46.78 W
2026/09/26 17:20:39.151, NVIDIA GeForce RTX 3090, <REDACTED_GPU_UUID>, 52, 36 %, 20297 MiB, 24576 MiB, 48.73 W
2026/09/26 17:20:40.151, NVIDIA GeForce RTX 3090, <REDACTED_GPU_UUID>, 52, 0 %, 20297 MiB, 24576 MiB, 47.74 W
2026/09/26 17:20:41.152, NVIDIA GeForce RTX 3090, <REDACTED_GPU_UUID>, 52, 0 %, 20297 MiB, 24576 MiB, 44.01 W
2026/09/26 17:20:42.153, NVIDIA GeForce RTX 3090, <REDACTED_GPU_UUID>, 52, 0 %, 20297 MiB, 24576 MiB, 39.34 W
2026/09/26 17:20:43.153, NVIDIA GeForce RTX 3090, <REDACTED_GPU_UUID>, 52, 46 %, 20297 MiB, 24576 MiB, 43.29 W
2026/09/26 17:20:44.154, NVIDIA GeForce RTX 3090, <REDACTED_GPU_UUID>, 52, 29 %, 20297 MiB, 24576 MiB, 47.40 W
2026/09/26 17:20:45.155, NVIDIA GeForce RTX 3090, <REDACTED_GPU_UUID>, 52, 44 %, 20297 MiB, 24576 MiB, 47.24 W
2026/09/26 17:20:46.156, NVIDIA GeForce RTX 3090, <REDACTED_GPU_UUID>, 52, 30 %, 20297 MiB, 24576 MiB, 47.02 W
2026/09/26 17:20:47.156, NVIDIA GeForce RTX 3090, <REDACTED_GPU_UUID>, 52, 45 %, 20297 MiB, 24576 MiB, 47.18 W
2026/09/26 17:20:48.157, NVIDIA GeForce RTX 3090, <REDACTED_GPU_UUID>, 52, 29 %, 20297 MiB, 24576 MiB, 47.00 W
2026/09/26 17:20:49.158, NVIDIA GeForce RTX 3090, <REDACTED_GPU_UUID>, 52, 29 %, 20297 MiB, 24576 MiB, 47.24 W
2026/09/26 17:20:50.158, NVIDIA GeForce RTX 3090, <REDACTED_GPU_UUID>, 52, 29 %, 20297 MiB, 24576 MiB, 46.89 W
2026/09/26 17:20:51.159, NVIDIA GeForce RTX 3090, <REDACTED_GPU_UUID>, 52, 30 %, 20297 MiB, 24576 MiB, 45.95 W
2026/09/26 17:20:52.159, NVIDIA GeForce RTX 3090, <REDACTED_GPU_UUID>, 52, 28 %, 20297 MiB, 24576 MiB, 46.16 W
2026/09/26 17:20:53.160, NVIDIA GeForce RTX 3090, <REDACTED_GPU_UUID>, 52, 34 %, 20297 MiB, 24576 MiB, 46.24 W
2026/09/26 17:20:54.161, NVIDIA GeForce RTX 3090, <REDACTED_GPU_UUID>, 52, 32 %, 20297 MiB, 24576 MiB, 46.71 W
2026/09/26 17:20:55.162, NVIDIA GeForce RTX 3090, <REDACTED_GPU_UUID>, 52, 25 %, 20297 MiB, 24576 MiB, 46.58 W
2026/09/26 17:20:56.163, NVIDIA GeForce RTX 3090, <REDACTED_GPU_UUID>, 52, 17 %, 20297 MiB, 24576 MiB, 42.98 W
2026/09/26 17:20:57.163, NVIDIA GeForce RTX 3090, <REDACTED_GPU_UUID>, 52, 25 %, 20297 MiB, 24576 MiB, 45.39 W
2026/09/26 17:20:58.163, NVIDIA GeForce RTX 3090, <REDACTED_GPU_UUID>, 52, 19 %, 20297 MiB, 24576 MiB, 44.78 W
2026/09/26 17:20:59.164, NVIDIA GeForce RTX 3090, <REDACTED_GPU_UUID>, 52, 27 %, 20297 MiB, 24576 MiB, 44.90 W
2026/09/26 17:21:00.165, NVIDIA GeForce RTX 3090, <REDACTED_GPU_UUID>, 52, 48 %, 20297 MiB, 24576 MiB, 45.40 W
2026/09/26 17:21:01.165, NVIDIA GeForce RTX 3090, <REDACTED_GPU_UUID>, 52, 27 %, 20297 MiB, 24576 MiB, 46.18 W
2026/09/26 17:21:02.166, NVIDIA GeForce RTX 3090, <REDACTED_GPU_UUID>, 52, 12 %, 20297 MiB, 24576 MiB, 47.78 W
2026/09/26 17:21:03.167, NVIDIA GeForce RTX 3090, <REDACTED_GPU_UUID>, 52, 3 %, 20297 MiB, 24576 MiB, 48.05 W
2026/09/26 17:21:04.167, NVIDIA GeForce RTX 3090, <REDACTED_GPU_UUID>, 60, 98 %, 20297 MiB, 24576 MiB, 214.43 W
2026/09/26 17:21:05.169, NVIDIA GeForce RTX 3090, <REDACTED_GPU_UUID>, 56, 0 %, 20297 MiB, 24576 MiB, 239.80 W
2026/09/26 17:21:06.169, NVIDIA GeForce RTX 3090, <REDACTED_GPU_UUID>, 56, 0 %, 20297 MiB, 24576 MiB, 153.96 W
2026/09/26 17:21:07.170, NVIDIA GeForce RTX 3090, <REDACTED_GPU_UUID>, 55, 8 %, 20297 MiB, 24576 MiB, 110.03 W
2026/09/26 17:21:08.170, NVIDIA GeForce RTX 3090, <REDACTED_GPU_UUID>, 54, 2 %, 20297 MiB, 24576 MiB, 83.62 W
2026/09/26 17:21:09.171, NVIDIA GeForce RTX 3090, <REDACTED_GPU_UUID>, 54, 3 %, 20297 MiB, 24576 MiB, 79.07 W
2026/09/26 17:21:10.171, NVIDIA GeForce RTX 3090, <REDACTED_GPU_UUID>, 53, 3 %, 20297 MiB, 24576 MiB, 42.50 W
2026/09/26 17:21:11.172, NVIDIA GeForce RTX 3090, <REDACTED_GPU_UUID>, 53, 12 %, 20297 MiB, 24576 MiB, 41.03 W
2026/09/26 17:21:12.173, NVIDIA GeForce RTX 3090, <REDACTED_GPU_UUID>, 53, 5 %, 20297 MiB, 24576 MiB, 40.00 W
2026/09/26 17:21:13.174, NVIDIA GeForce RTX 3090, <REDACTED_GPU_UUID>, 53, 5 %, 20297 MiB, 24576 MiB, 39.96 W
2026/09/26 17:21:14.175, NVIDIA GeForce RTX 3090, <REDACTED_GPU_UUID>, 53, 9 %, 20297 MiB, 24576 MiB, 39.95 W
2026/09/26 17:21:15.175, NVIDIA GeForce RTX 3090, <REDACTED_GPU_UUID>, 53, 5 %, 20297 MiB, 24576 MiB, 39.92 W
2026/09/26 17:21:16.176, NVIDIA GeForce RTX 3090, <REDACTED_GPU_UUID>, 53, 37 %, 20297 MiB, 24576 MiB, 43.12 W
2026/09/26 17:21:17.177, NVIDIA GeForce RTX 3090, <REDACTED_GPU_UUID>, 53, 30 %, 20297 MiB, 24576 MiB, 47.94 W
2026/09/26 17:21:18.178, NVIDIA GeForce RTX 3090, <REDACTED_GPU_UUID>, 53, 46 %, 20297 MiB, 24576 MiB, 48.63 W
2026/09/26 17:21:19.178, NVIDIA GeForce RTX 3090, <REDACTED_GPU_UUID>, 53, 31 %, 20297 MiB, 24576 MiB, 48.32 W
2026/09/26 17:21:20.179, NVIDIA GeForce RTX 3090, <REDACTED_GPU_UUID>, 53, 45 %, 20297 MiB, 24576 MiB, 47.10 W
2026/09/26 17:21:21.179, NVIDIA GeForce RTX 3090, <REDACTED_GPU_UUID>, 53, 31 %, 20297 MiB, 24576 MiB, 46.64 W
2026/09/26 17:21:22.180, NVIDIA GeForce RTX 3090, <REDACTED_GPU_UUID>, 53, 49 %, 20297 MiB, 24576 MiB, 47.62 W
2026/09/26 17:21:23.180, NVIDIA GeForce RTX 3090, <REDACTED_GPU_UUID>, 53, 29 %, 20297 MiB, 24576 MiB, 48.20 W
2026/09/26 17:21:24.182, NVIDIA GeForce RTX 3090, <REDACTED_GPU_UUID>, 53, 32 %, 20297 MiB, 24576 MiB, 47.37 W
2026/09/26 17:21:25.183, NVIDIA GeForce RTX 3090, <REDACTED_GPU_UUID>, 53, 32 %, 20297 MiB, 24576 MiB, 47.07 W
2026/09/26 17:21:26.184, NVIDIA GeForce RTX 3090, <REDACTED_GPU_UUID>, 53, 32 %, 20297 MiB, 24576 MiB, 47.09 W
2026/09/26 17:21:27.184, NVIDIA GeForce RTX 3090, <REDACTED_GPU_UUID>, 53, 15 %, 20297 MiB, 24576 MiB, 46.68 W
2026/09/26 17:21:28.185, NVIDIA GeForce RTX 3090, <REDACTED_GPU_UUID>, 53, 3 %, 20297 MiB, 24576 MiB, 42.67 W
2026/09/26 17:21:29.185, NVIDIA GeForce RTX 3090, <REDACTED_GPU_UUID>, 53, 6 %, 20297 MiB, 24576 MiB, 43.42 W
2026/09/26 17:21:30.196, NVIDIA GeForce RTX 3090, <REDACTED_GPU_UUID>, 53, 2 %, 20297 MiB, 24576 MiB, 41.52 W
2026/09/26 17:21:31.196, NVIDIA GeForce RTX 3090, <REDACTED_GPU_UUID>, 53, 30 %, 20297 MiB, 24576 MiB, 45.37 W
2026/09/26 17:21:32.197, NVIDIA GeForce RTX 3090, <REDACTED_GPU_UUID>, 53, 30 %, 20297 MiB, 24576 MiB, 47.65 W
2026/09/26 17:21:33.197, NVIDIA GeForce RTX 3090, <REDACTED_GPU_UUID>, 53, 31 %, 20297 MiB, 24576 MiB, 47.22 W
2026/09/26 17:21:34.198, NVIDIA GeForce RTX 3090, <REDACTED_GPU_UUID>, 53, 31 %, 20297 MiB, 24576 MiB, 47.71 W
2026/09/26 17:21:35.198, NVIDIA GeForce RTX 3090, <REDACTED_GPU_UUID>, 53, 33 %, 20297 MiB, 24576 MiB, 47.60 W
2026/09/26 17:21:36.200, NVIDIA GeForce RTX 3090, <REDACTED_GPU_UUID>, 53, 30 %, 20297 MiB, 24576 MiB, 47.77 W
2026/09/26 17:21:37.200, NVIDIA GeForce RTX 3090, <REDACTED_GPU_UUID>, 53, 47 %, 20297 MiB, 24576 MiB, 47.39 W
2026/09/26 17:21:38.201, NVIDIA GeForce RTX 3090, <REDACTED_GPU_UUID>, 53, 33 %, 20297 MiB, 24576 MiB, 47.85 W
2026/09/26 17:21:39.201, NVIDIA GeForce RTX 3090, <REDACTED_GPU_UUID>, 53, 36 %, 20297 MiB, 24576 MiB, 48.31 W
2026/09/26 17:21:40.202, NVIDIA GeForce RTX 3090, <REDACTED_GPU_UUID>, 53, 33 %, 20297 MiB, 24576 MiB, 48.33 W
2026/09/26 17:21:41.202, NVIDIA GeForce RTX 3090, <REDACTED_GPU_UUID>, 53, 32 %, 20297 MiB, 24576 MiB, 48.59 W
2026/09/26 17:21:42.203, NVIDIA GeForce RTX 3090, <REDACTED_GPU_UUID>, 53, 32 %, 20297 MiB, 24576 MiB, 48.59 W
2026/09/26 17:21:43.203, NVIDIA GeForce RTX 3090, <REDACTED_GPU_UUID>, 53, 38 %, 20297 MiB, 24576 MiB, 49.01 W
2026/09/26 17:21:44.204, NVIDIA GeForce RTX 3090, <REDACTED_GPU_UUID>, 53, 34 %, 20297 MiB, 24576 MiB, 49.02 W
2026/09/26 17:21:45.205, NVIDIA GeForce RTX 3090, <REDACTED_GPU_UUID>, 53, 15 %, 20297 MiB, 24576 MiB, 48.65 W
2026/09/26 17:21:46.205, NVIDIA GeForce RTX 3090, <REDACTED_GPU_UUID>, 53, 3 %, 20297 MiB, 24576 MiB, 45.44 W
2026/09/26 17:21:47.205, NVIDIA GeForce RTX 3090, <REDACTED_GPU_UUID>, 53, 2 %, 20297 MiB, 24576 MiB, 44.56 W
2026/09/26 17:21:48.206, NVIDIA GeForce RTX 3090, <REDACTED_GPU_UUID>, 52, 2 %, 20297 MiB, 24576 MiB, 44.64 W
2026/09/26 17:21:49.207, NVIDIA GeForce RTX 3090, <REDACTED_GPU_UUID>, 53, 2 %, 20297 MiB, 24576 MiB, 45.04 W
2026/09/26 17:21:50.207, NVIDIA GeForce RTX 3090, <REDACTED_GPU_UUID>, 52, 2 %, 20297 MiB, 24576 MiB, 39.47 W
2026/09/26 17:21:51.209, NVIDIA GeForce RTX 3090, <REDACTED_GPU_UUID>, 52, 4 %, 20297 MiB, 24576 MiB, 38.93 W
2026/09/26 17:21:52.210, NVIDIA GeForce RTX 3090, <REDACTED_GPU_UUID>, 52, 5 %, 20297 MiB, 24576 MiB, 39.13 W
2026/09/26 17:21:53.210, NVIDIA GeForce RTX 3090, <REDACTED_GPU_UUID>, 52, 4 %, 20297 MiB, 24576 MiB, 39.19 W
2026/09/26 17:21:54.211, NVIDIA GeForce RTX 3090, <REDACTED_GPU_UUID>, 52, 4 %, 20297 MiB, 24576 MiB, 39.14 W
2026/09/26 17:21:55.212, NVIDIA GeForce RTX 3090, <REDACTED_GPU_UUID>, 52, 4 %, 20297 MiB, 24576 MiB, 39.35 W
2026/09/26 17:21:56.213, NVIDIA GeForce RTX 3090, <REDACTED_GPU_UUID>, 52, 5 %, 20297 MiB, 24576 MiB, 39.28 W
2026/09/26 17:21:57.213, NVIDIA GeForce RTX 3090, <REDACTED_GPU_UUID>, 52, 9 %, 20297 MiB, 24576 MiB, 40.76 W
2026/09/26 17:21:58.214, NVIDIA GeForce RTX 3090, <REDACTED_GPU_UUID>, 52, 2 %, 20297 MiB, 24576 MiB, 39.26 W
2026/09/26 17:21:59.214, NVIDIA GeForce RTX 3090, <REDACTED_GPU_UUID>, 52, 38 %, 20297 MiB, 24576 MiB, 43.77 W
2026/09/26 17:22:00.215, NVIDIA GeForce RTX 3090, <REDACTED_GPU_UUID>, 52, 31 %, 20297 MiB, 24576 MiB, 46.47 W
2026/09/26 17:22:01.215, NVIDIA GeForce RTX 3090, <REDACTED_GPU_UUID>, 52, 31 %, 20297 MiB, 24576 MiB, 46.14 W
2026/09/26 17:22:02.216, NVIDIA GeForce RTX 3090, <REDACTED_GPU_UUID>, 52, 29 %, 20297 MiB, 24576 MiB, 46.13 W
2026/09/26 17:22:03.217, NVIDIA GeForce RTX 3090, <REDACTED_GPU_UUID>, 53, 29 %, 20297 MiB, 24576 MiB, 45.93 W
2026/09/26 17:22:04.218, NVIDIA GeForce RTX 3090, <REDACTED_GPU_UUID>, 52, 30 %, 20297 MiB, 24576 MiB, 46.20 W
2026/09/26 17:22:05.219, NVIDIA GeForce RTX 3090, <REDACTED_GPU_UUID>, 52, 34 %, 20297 MiB, 24576 MiB, 46.27 W
2026/09/26 17:22:06.219, NVIDIA GeForce RTX 3090, <REDACTED_GPU_UUID>, 53, 31 %, 20297 MiB, 24576 MiB, 46.65 W
2026/09/26 17:22:07.220, NVIDIA GeForce RTX 3090, <REDACTED_GPU_UUID>, 52, 32 %, 20297 MiB, 24576 MiB, 46.72 W
2026/09/26 17:22:08.220, NVIDIA GeForce RTX 3090, <REDACTED_GPU_UUID>, 53, 32 %, 20297 MiB, 24576 MiB, 46.88 W
2026/09/26 17:22:09.221, NVIDIA GeForce RTX 3090, <REDACTED_GPU_UUID>, 53, 30 %, 20297 MiB, 24576 MiB, 46.92 W
2026/09/26 17:22:10.221, NVIDIA GeForce RTX 3090, <REDACTED_GPU_UUID>, 53, 33 %, 20297 MiB, 24576 MiB, 47.21 W
2026/09/26 17:22:11.222, NVIDIA GeForce RTX 3090, <REDACTED_GPU_UUID>, 53, 32 %, 20297 MiB, 24576 MiB, 47.00 W
2026/09/26 17:22:12.222, NVIDIA GeForce RTX 3090, <REDACTED_GPU_UUID>, 52, 2 %, 20297 MiB, 24576 MiB, 41.03 W
2026/09/26 17:22:13.223, NVIDIA GeForce RTX 3090, <REDACTED_GPU_UUID>, 52, 2 %, 20297 MiB, 24576 MiB, 39.76 W
2026/09/26 17:22:14.225, NVIDIA GeForce RTX 3090, <REDACTED_GPU_UUID>, 52, 2 %, 20297 MiB, 24576 MiB, 39.40 W
2026/09/26 17:22:15.226, NVIDIA GeForce RTX 3090, <REDACTED_GPU_UUID>, 52, 2 %, 20297 MiB, 24576 MiB, 39.24 W
2026/09/26 17:22:16.226, NVIDIA GeForce RTX 3090, <REDACTED_GPU_UUID>, 52, 4 %, 20297 MiB, 24576 MiB, 39.29 W
2026/09/26 17:22:17.227, NVIDIA GeForce RTX 3090, <REDACTED_GPU_UUID>, 52, 5 %, 20297 MiB, 24576 MiB, 39.48 W
2026/09/26 17:22:18.228, NVIDIA GeForce RTX 3090, <REDACTED_GPU_UUID>, 52, 2 %, 20300 MiB, 24576 MiB, 39.33 W
2026/09/26 17:22:19.229, NVIDIA GeForce RTX 3090, <REDACTED_GPU_UUID>, 52, 2 %, 20297 MiB, 24576 MiB, 39.08 W
2026/09/26 17:22:20.229, NVIDIA GeForce RTX 3090, <REDACTED_GPU_UUID>, 52, 2 %, 20297 MiB, 24576 MiB, 39.08 W
2026/09/26 17:22:21.230, NVIDIA GeForce RTX 3090, <REDACTED_GPU_UUID>, 52, 2 %, 20297 MiB, 24576 MiB, 39.08 W
2026/09/26 17:22:22.231, NVIDIA GeForce RTX 3090, <REDACTED_GPU_UUID>, 52, 2 %, 20297 MiB, 24576 MiB, 39.01 W
2026/09/26 17:22:23.232, NVIDIA GeForce RTX 3090, <REDACTED_GPU_UUID>, 52, 2 %, 20297 MiB, 24576 MiB, 39.37 W
2026/09/26 17:22:24.233, NVIDIA GeForce RTX 3090, <REDACTED_GPU_UUID>, 52, 5 %, 20297 MiB, 24576 MiB, 39.27 W
2026/09/26 17:22:25.234, NVIDIA GeForce RTX 3090, <REDACTED_GPU_UUID>, 52, 5 %, 20297 MiB, 24576 MiB, 39.40 W
2026/09/26 17:22:26.234, NVIDIA GeForce RTX 3090, <REDACTED_GPU_UUID>, 52, 13 %, 20297 MiB, 24576 MiB, 39.42 W
2026/09/26 17:22:27.234, NVIDIA GeForce RTX 3090, <REDACTED_GPU_UUID>, 52, 4 %, 20297 MiB, 24576 MiB, 39.79 W
2026/09/26 17:22:28.235, NVIDIA GeForce RTX 3090, <REDACTED_GPU_UUID>, 52, 2 %, 20297 MiB, 24576 MiB, 39.24 W
2026/09/26 17:22:29.236, NVIDIA GeForce RTX 3090, <REDACTED_GPU_UUID>, 52, 6 %, 20297 MiB, 24576 MiB, 39.25 W
2026/09/26 17:22:30.237, NVIDIA GeForce RTX 3090, <REDACTED_GPU_UUID>, 52, 9 %, 20297 MiB, 24576 MiB, 39.54 W
2026/09/26 17:22:31.238, NVIDIA GeForce RTX 3090, <REDACTED_GPU_UUID>, 52, 5 %, 20297 MiB, 24576 MiB, 39.90 W
2026/09/26 17:22:32.239, NVIDIA GeForce RTX 3090, <REDACTED_GPU_UUID>, 52, 5 %, 20297 MiB, 24576 MiB, 39.54 W
2026/09/26 17:22:33.240, NVIDIA GeForce RTX 3090, <REDACTED_GPU_UUID>, 52, 62 %, 20297 MiB, 24576 MiB, 42.09 W
2026/09/26 17:22:34.241, NVIDIA GeForce RTX 3090, <REDACTED_GPU_UUID>, 52, 29 %, 20297 MiB, 24576 MiB, 46.53 W
2026/09/26 17:22:35.242, NVIDIA GeForce RTX 3090, <REDACTED_GPU_UUID>, 52, 30 %, 20297 MiB, 24576 MiB, 46.18 W
2026/09/26 17:22:36.243, NVIDIA GeForce RTX 3090, <REDACTED_GPU_UUID>, 52, 32 %, 20297 MiB, 24576 MiB, 46.05 W
2026/09/26 17:22:37.243, NVIDIA GeForce RTX 3090, <REDACTED_GPU_UUID>, 52, 31 %, 20297 MiB, 24576 MiB, 46.09 W
2026/09/26 17:22:38.244, NVIDIA GeForce RTX 3090, <REDACTED_GPU_UUID>, 52, 33 %, 20297 MiB, 24576 MiB, 45.99 W
2026/09/26 17:22:39.244, NVIDIA GeForce RTX 3090, <REDACTED_GPU_UUID>, 52, 31 %, 20297 MiB, 24576 MiB, 46.04 W
2026/09/26 17:22:40.245, NVIDIA GeForce RTX 3090, <REDACTED_GPU_UUID>, 52, 38 %, 20297 MiB, 24576 MiB, 47.01 W
2026/09/26 17:22:41.246, NVIDIA GeForce RTX 3090, <REDACTED_GPU_UUID>, 52, 33 %, 20297 MiB, 24576 MiB, 47.14 W
2026/09/26 17:22:42.247, NVIDIA GeForce RTX 3090, <REDACTED_GPU_UUID>, 52, 33 %, 20297 MiB, 24576 MiB, 46.85 W
2026/09/26 17:22:43.248, NVIDIA GeForce RTX 3090, <REDACTED_GPU_UUID>, 52, 2 %, 20297 MiB, 24576 MiB, 45.51 W
2026/09/26 17:22:44.249, NVIDIA GeForce RTX 3090, <REDACTED_GPU_UUID>, 52, 1 %, 20297 MiB, 24576 MiB, 39.81 W
2026/09/26 17:22:45.250, NVIDIA GeForce RTX 3090, <REDACTED_GPU_UUID>, 52, 2 %, 20297 MiB, 24576 MiB, 39.38 W
2026/09/26 17:22:46.251, NVIDIA GeForce RTX 3090, <REDACTED_GPU_UUID>, 52, 2 %, 20297 MiB, 24576 MiB, 39.16 W
2026/09/26 17:22:47.252, NVIDIA GeForce RTX 3090, <REDACTED_GPU_UUID>, 52, 5 %, 20297 MiB, 24576 MiB, 39.32 W
2026/09/26 17:22:48.254, NVIDIA GeForce RTX 3090, <REDACTED_GPU_UUID>, 52, 4 %, 20297 MiB, 24576 MiB, 39.17 W
2026/09/26 17:22:49.259, NVIDIA GeForce RTX 3090, <REDACTED_GPU_UUID>, 52, 2 %, 20297 MiB, 24576 MiB, 39.27 W
2026/09/26 17:22:50.259, NVIDIA GeForce RTX 3090, <REDACTED_GPU_UUID>, 52, 2 %, 20297 MiB, 24576 MiB, 39.17 W
2026/09/26 17:22:51.260, NVIDIA GeForce RTX 3090, <REDACTED_GPU_UUID>, 52, 2 %, 20297 MiB, 24576 MiB, 39.42 W
2026/09/26 17:22:52.261, NVIDIA GeForce RTX 3090, <REDACTED_GPU_UUID>, 52, 2 %, 20297 MiB, 24576 MiB, 39.44 W
2026/09/26 17:22:53.262, NVIDIA GeForce RTX 3090, <REDACTED_GPU_UUID>, 52, 5 %, 20297 MiB, 24576 MiB, 39.55 W
2026/09/26 17:22:54.263, NVIDIA GeForce RTX 3090, <REDACTED_GPU_UUID>, 52, 2 %, 20297 MiB, 24576 MiB, 39.38 W
2026/09/26 17:22:55.264, NVIDIA GeForce RTX 3090, <REDACTED_GPU_UUID>, 52, 2 %, 20297 MiB, 24576 MiB, 39.44 W
2026/09/26 17:22:56.264, NVIDIA GeForce RTX 3090, <REDACTED_GPU_UUID>, 52, 5 %, 20297 MiB, 24576 MiB, 39.74 W
2026/09/26 17:22:57.265, NVIDIA GeForce RTX 3090, <REDACTED_GPU_UUID>, 52, 5 %, 20297 MiB, 24576 MiB, 39.82 W
2026/09/26 17:22:58.265, NVIDIA GeForce RTX 3090, <REDACTED_GPU_UUID>, 52, 5 %, 20297 MiB, 24576 MiB, 39.66 W
2026/09/26 17:22:59.266, NVIDIA GeForce RTX 3090, <REDACTED_GPU_UUID>, 52, 4 %, 20297 MiB, 24576 MiB, 39.82 W
2026/09/26 17:23:00.267, NVIDIA GeForce RTX 3090, <REDACTED_GPU_UUID>, 52, 2 %, 20297 MiB, 24576 MiB, 39.81 W
2026/09/26 17:23:01.268, NVIDIA GeForce RTX 3090, <REDACTED_GPU_UUID>, 52, 6 %, 20297 MiB, 24576 MiB, 39.59 W
2026/09/26 17:23:02.269, NVIDIA GeForce RTX 3090, <REDACTED_GPU_UUID>, 52, 9 %, 20297 MiB, 24576 MiB, 39.90 W
2026/09/26 17:23:03.270, NVIDIA GeForce RTX 3090, <REDACTED_GPU_UUID>, 52, 2 %, 20297 MiB, 24576 MiB, 40.16 W
2026/09/26 17:23:04.270, NVIDIA GeForce RTX 3090, <REDACTED_GPU_UUID>, 52, 9 %, 20297 MiB, 24576 MiB, 39.53 W
2026/09/26 17:23:05.271, NVIDIA GeForce RTX 3090, <REDACTED_GPU_UUID>, 52, 5 %, 20297 MiB, 24576 MiB, 39.50 W
2026/09/26 17:23:06.272, NVIDIA GeForce RTX 3090, <REDACTED_GPU_UUID>, 52, 4 %, 20297 MiB, 24576 MiB, 39.75 W
2026/09/26 17:23:07.273, NVIDIA GeForce RTX 3090, <REDACTED_GPU_UUID>, 52, 5 %, 20297 MiB, 24576 MiB, 39.49 W
2026/09/26 17:23:08.273, NVIDIA GeForce RTX 3090, <REDACTED_GPU_UUID>, 52, 5 %, 20297 MiB, 24576 MiB, 39.64 W
2026/09/26 17:23:09.274, NVIDIA GeForce RTX 3090, <REDACTED_GPU_UUID>, 52, 2 %, 20297 MiB, 24576 MiB, 39.43 W
2026/09/26 17:23:10.275, NVIDIA GeForce RTX 3090, <REDACTED_GPU_UUID>, 52, 10 %, 20297 MiB, 24576 MiB, 39.36 W
2026/09/26 17:23:11.276, NVIDIA GeForce RTX 3090, <REDACTED_GPU_UUID>, 52, 2 %, 20297 MiB, 24576 MiB, 39.63 W
2026/09/26 17:23:12.277, NVIDIA GeForce RTX 3090, <REDACTED_GPU_UUID>, 52, 5 %, 20297 MiB, 24576 MiB, 39.54 W
2026/09/26 17:23:13.278, NVIDIA GeForce RTX 3090, <REDACTED_GPU_UUID>, 51, 2 %, 20297 MiB, 24576 MiB, 39.46 W
2026/09/26 17:23:14.280, NVIDIA GeForce RTX 3090, <REDACTED_GPU_UUID>, 51, 4 %, 20297 MiB, 24576 MiB, 39.24 W
2026/09/26 17:23:15.281, NVIDIA GeForce RTX 3090, <REDACTED_GPU_UUID>, 52, 30 %, 20297 MiB, 24576 MiB, 44.78 W
2026/09/26 17:23:16.281, NVIDIA GeForce RTX 3090, <REDACTED_GPU_UUID>, 52, 29 %, 20297 MiB, 24576 MiB, 46.11 W
2026/09/26 17:23:17.282, NVIDIA GeForce RTX 3090, <REDACTED_GPU_UUID>, 52, 30 %, 20297 MiB, 24576 MiB, 46.28 W
2026/09/26 17:23:18.283, NVIDIA GeForce RTX 3090, <REDACTED_GPU_UUID>, 52, 31 %, 20297 MiB, 24576 MiB, 46.00 W
2026/09/26 17:23:19.284, NVIDIA GeForce RTX 3090, <REDACTED_GPU_UUID>, 52, 31 %, 20297 MiB, 24576 MiB, 46.08 W
2026/09/26 17:23:20.284, NVIDIA GeForce RTX 3090, <REDACTED_GPU_UUID>, 52, 30 %, 20297 MiB, 24576 MiB, 46.01 W
2026/09/26 17:23:21.285, NVIDIA GeForce RTX 3090, <REDACTED_GPU_UUID>, 52, 30 %, 20297 MiB, 24576 MiB, 46.15 W
2026/09/26 17:23:22.285, NVIDIA GeForce RTX 3090, <REDACTED_GPU_UUID>, 52, 33 %, 20297 MiB, 24576 MiB, 44.94 W
2026/09/26 17:23:23.286, NVIDIA GeForce RTX 3090, <REDACTED_GPU_UUID>, 52, 31 %, 20297 MiB, 24576 MiB, 46.44 W
2026/09/26 17:23:24.287, NVIDIA GeForce RTX 3090, <REDACTED_GPU_UUID>, 52, 31 %, 20297 MiB, 24576 MiB, 46.21 W
2026/09/26 17:23:25.287, NVIDIA GeForce RTX 3090, <REDACTED_GPU_UUID>, 52, 35 %, 20297 MiB, 24576 MiB, 46.71 W
2026/09/26 17:23:26.288, NVIDIA GeForce RTX 3090, <REDACTED_GPU_UUID>, 52, 33 %, 20297 MiB, 24576 MiB, 47.00 W
2026/09/26 17:23:27.289, NVIDIA GeForce RTX 3090, <REDACTED_GPU_UUID>, 52, 32 %, 20297 MiB, 24576 MiB, 46.99 W
2026/09/26 17:23:28.289, NVIDIA GeForce RTX 3090, <REDACTED_GPU_UUID>, 52, 31 %, 20297 MiB, 24576 MiB, 46.76 W
2026/09/26 17:23:29.290, NVIDIA GeForce RTX 3090, <REDACTED_GPU_UUID>, 52, 0 %, 20297 MiB, 24576 MiB, 41.22 W
2026/09/26 17:23:30.291, NVIDIA GeForce RTX 3090, <REDACTED_GPU_UUID>, 52, 0 %, 20297 MiB, 24576 MiB, 39.61 W
2026/09/26 17:23:31.291, NVIDIA GeForce RTX 3090, <REDACTED_GPU_UUID>, 51, 0 %, 20297 MiB, 24576 MiB, 39.32 W
2026/09/26 17:23:32.292, NVIDIA GeForce RTX 3090, <REDACTED_GPU_UUID>, 51, 0 %, 20297 MiB, 24576 MiB, 39.25 W
2026/09/26 17:23:33.293, NVIDIA GeForce RTX 3090, <REDACTED_GPU_UUID>, 51, 0 %, 20297 MiB, 24576 MiB, 39.31 W
2026/09/26 17:23:34.294, NVIDIA GeForce RTX 3090, <REDACTED_GPU_UUID>, 51, 0 %, 20297 MiB, 24576 MiB, 39.09 W
2026/09/26 17:23:35.295, NVIDIA GeForce RTX 3090, <REDACTED_GPU_UUID>, 51, 4 %, 20297 MiB, 24576 MiB, 39.53 W
2026/09/26 17:23:36.295, NVIDIA GeForce RTX 3090, <REDACTED_GPU_UUID>, 51, 4 %, 20297 MiB, 24576 MiB, 39.87 W
2026/09/26 17:23:37.296, NVIDIA GeForce RTX 3090, <REDACTED_GPU_UUID>, 51, 0 %, 20297 MiB, 24576 MiB, 39.81 W
2026/09/26 17:23:38.296, NVIDIA GeForce RTX 3090, <REDACTED_GPU_UUID>, 51, 7 %, 20297 MiB, 24576 MiB, 39.57 W
2026/09/26 17:23:39.296, NVIDIA GeForce RTX 3090, <REDACTED_GPU_UUID>, 51, 4 %, 20297 MiB, 24576 MiB, 40.27 W
2026/09/26 17:23:40.297, NVIDIA GeForce RTX 3090, <REDACTED_GPU_UUID>, 51, 4 %, 20297 MiB, 24576 MiB, 39.55 W
2026/09/26 17:23:41.297, NVIDIA GeForce RTX 3090, <REDACTED_GPU_UUID>, 51, 0 %, 20297 MiB, 24576 MiB, 39.00 W
2026/09/26 17:23:42.298, NVIDIA GeForce RTX 3090, <REDACTED_GPU_UUID>, 51, 4 %, 20297 MiB, 24576 MiB, 39.30 W
2026/09/26 17:23:43.299, NVIDIA GeForce RTX 3090, <REDACTED_GPU_UUID>, 51, 0 %, 20297 MiB, 24576 MiB, 39.19 W
2026/09/26 17:23:44.299, NVIDIA GeForce RTX 3090, <REDACTED_GPU_UUID>, 52, 31 %, 20297 MiB, 24576 MiB, 43.63 W
2026/09/26 17:23:45.301, NVIDIA GeForce RTX 3090, <REDACTED_GPU_UUID>, 52, 29 %, 20297 MiB, 24576 MiB, 45.98 W
2026/09/26 17:23:46.301, NVIDIA GeForce RTX 3090, <REDACTED_GPU_UUID>, 52, 32 %, 20298 MiB, 24576 MiB, 46.11 W
2026/09/26 17:23:47.302, NVIDIA GeForce RTX 3090, <REDACTED_GPU_UUID>, 52, 33 %, 20298 MiB, 24576 MiB, 47.29 W
2026/09/26 17:23:48.303, NVIDIA GeForce RTX 3090, <REDACTED_GPU_UUID>, 52, 33 %, 20298 MiB, 24576 MiB, 47.04 W
2026/09/26 17:23:49.303, NVIDIA GeForce RTX 3090, <REDACTED_GPU_UUID>, 52, 35 %, 20298 MiB, 24576 MiB, 46.56 W
2026/09/26 17:23:50.303, NVIDIA GeForce RTX 3090, <REDACTED_GPU_UUID>, 52, 31 %, 20298 MiB, 24576 MiB, 47.01 W
2026/09/26 17:23:51.304, NVIDIA GeForce RTX 3090, <REDACTED_GPU_UUID>, 52, 29 %, 20298 MiB, 24576 MiB, 47.31 W
2026/09/26 17:23:52.305, NVIDIA GeForce RTX 3090, <REDACTED_GPU_UUID>, 52, 31 %, 20298 MiB, 24576 MiB, 48.63 W
2026/09/26 17:23:53.306, NVIDIA GeForce RTX 3090, <REDACTED_GPU_UUID>, 52, 12 %, 20298 MiB, 24576 MiB, 47.97 W
2026/09/26 17:23:54.307, NVIDIA GeForce RTX 3090, <REDACTED_GPU_UUID>, 52, 0 %, 20298 MiB, 24576 MiB, 44.88 W
2026/09/26 17:23:55.308, NVIDIA GeForce RTX 3090, <REDACTED_GPU_UUID>, 52, 54 %, 20298 MiB, 24576 MiB, 42.78 W
2026/09/26 17:23:56.309, NVIDIA GeForce RTX 3090, <REDACTED_GPU_UUID>, 52, 31 %, 20298 MiB, 24576 MiB, 46.44 W
2026/09/26 17:23:57.310, NVIDIA GeForce RTX 3090, <REDACTED_GPU_UUID>, 52, 34 %, 20298 MiB, 24576 MiB, 48.51 W
2026/09/26 17:23:58.310, NVIDIA GeForce RTX 3090, <REDACTED_GPU_UUID>, 52, 34 %, 20298 MiB, 24576 MiB, 47.92 W
2026/09/26 17:23:59.311, NVIDIA GeForce RTX 3090, <REDACTED_GPU_UUID>, 52, 32 %, 20298 MiB, 24576 MiB, 47.23 W
2026/09/26 17:24:00.311, NVIDIA GeForce RTX 3090, <REDACTED_GPU_UUID>, 52, 30 %, 20298 MiB, 24576 MiB, 46.85 W
2026/09/26 17:24:01.312, NVIDIA GeForce RTX 3090, <REDACTED_GPU_UUID>, 52, 0 %, 20298 MiB, 24576 MiB, 44.83 W
2026/09/26 17:24:02.313, NVIDIA GeForce RTX 3090, <REDACTED_GPU_UUID>, 51, 0 %, 20298 MiB, 24576 MiB, 43.53 W
2026/09/26 17:24:03.314, NVIDIA GeForce RTX 3090, <REDACTED_GPU_UUID>, 51, 0 %, 20298 MiB, 24576 MiB, 44.08 W
2026/09/26 17:24:04.315, NVIDIA GeForce RTX 3090, <REDACTED_GPU_UUID>, 51, 5 %, 20298 MiB, 24576 MiB, 43.89 W
2026/09/26 17:24:05.317, NVIDIA GeForce RTX 3090, <REDACTED_GPU_UUID>, 51, 4 %, 20298 MiB, 24576 MiB, 41.87 W
2026/09/26 17:24:06.317, NVIDIA GeForce RTX 3090, <REDACTED_GPU_UUID>, 51, 4 %, 20298 MiB, 24576 MiB, 43.11 W
2026/09/26 17:24:07.318, NVIDIA GeForce RTX 3090, <REDACTED_GPU_UUID>, 51, 6 %, 20298 MiB, 24576 MiB, 43.54 W
2026/09/26 17:24:08.319, NVIDIA GeForce RTX 3090, <REDACTED_GPU_UUID>, 51, 18 %, 20298 MiB, 24576 MiB, 40.67 W
2026/09/26 17:24:09.319, NVIDIA GeForce RTX 3090, <REDACTED_GPU_UUID>, 54, 1 %, 20336 MiB, 24576 MiB, 97.35 W
2026/09/26 17:24:10.319, NVIDIA GeForce RTX 3090, <REDACTED_GPU_UUID>, 54, 0 %, 20336 MiB, 24576 MiB, 128.57 W
2026/09/26 17:24:11.320, NVIDIA GeForce RTX 3090, <REDACTED_GPU_UUID>, 53, 4 %, 20311 MiB, 24576 MiB, 105.19 W
2026/09/26 17:24:12.321, NVIDIA GeForce RTX 3090, <REDACTED_GPU_UUID>, 52, 0 %, 20311 MiB, 24576 MiB, 47.90 W
2026/09/26 17:24:13.322, NVIDIA GeForce RTX 3090, <REDACTED_GPU_UUID>, 52, 0 %, 20311 MiB, 24576 MiB, 45.65 W
2026/09/26 17:24:14.322, NVIDIA GeForce RTX 3090, <REDACTED_GPU_UUID>, 52, 0 %, 20311 MiB, 24576 MiB, 43.80 W
2026/09/26 17:24:15.323, NVIDIA GeForce RTX 3090, <REDACTED_GPU_UUID>, 52, 0 %, 20311 MiB, 24576 MiB, 44.04 W
2026/09/26 17:24:16.323, NVIDIA GeForce RTX 3090, <REDACTED_GPU_UUID>, 52, 0 %, 20311 MiB, 24576 MiB, 44.11 W
2026/09/26 17:24:17.324, NVIDIA GeForce RTX 3090, <REDACTED_GPU_UUID>, 52, 0 %, 20311 MiB, 24576 MiB, 44.24 W
2026/09/26 17:24:18.326, NVIDIA GeForce RTX 3090, <REDACTED_GPU_UUID>, 52, 0 %, 20311 MiB, 24576 MiB, 44.46 W
2026/09/26 17:24:19.326, NVIDIA GeForce RTX 3090, <REDACTED_GPU_UUID>, 52, 0 %, 20311 MiB, 24576 MiB, 44.58 W
2026/09/26 17:24:20.326, NVIDIA GeForce RTX 3090, <REDACTED_GPU_UUID>, 52, 8 %, 20311 MiB, 24576 MiB, 44.45 W
2026/09/26 17:24:21.328, NVIDIA GeForce RTX 3090, <REDACTED_GPU_UUID>, 52, 0 %, 20311 MiB, 24576 MiB, 45.93 W
2026/09/26 17:24:22.329, NVIDIA GeForce RTX 3090, <REDACTED_GPU_UUID>, 52, 1 %, 20311 MiB, 24576 MiB, 46.35 W
2026/09/26 17:24:23.330, NVIDIA GeForce RTX 3090, <REDACTED_GPU_UUID>, 52, 2 %, 20311 MiB, 24576 MiB, 46.07 W
2026/09/26 17:24:24.330, NVIDIA GeForce RTX 3090, <REDACTED_GPU_UUID>, 52, 0 %, 20311 MiB, 24576 MiB, 46.12 W
2026/09/26 17:24:25.331, NVIDIA GeForce RTX 3090, <REDACTED_GPU_UUID>, 52, 0 %, 20311 MiB, 24576 MiB, 46.23 W
2026/09/26 17:24:26.332, NVIDIA GeForce RTX 3090, <REDACTED_GPU_UUID>, 52, 17 %, 20311 MiB, 24576 MiB, 42.67 W
2026/09/26 17:24:27.333, NVIDIA GeForce RTX 3090, <REDACTED_GPU_UUID>, 52, 4 %, 20311 MiB, 24576 MiB, 43.02 W
2026/09/26 17:24:28.333, NVIDIA GeForce RTX 3090, <REDACTED_GPU_UUID>, 52, 22 %, 20329 MiB, 24576 MiB, 42.98 W
2026/09/26 17:24:29.334, NVIDIA GeForce RTX 3090, <REDACTED_GPU_UUID>, 52, 24 %, 20346 MiB, 24576 MiB, 47.68 W
2026/09/26 17:24:30.335, NVIDIA GeForce RTX 3090, <REDACTED_GPU_UUID>, 52, 21 %, 20212 MiB, 24576 MiB, 48.57 W
2026/09/26 17:24:31.335, NVIDIA GeForce RTX 3090, <REDACTED_GPU_UUID>, 52, 0 %, 20212 MiB, 24576 MiB, 48.90 W
2026/09/26 17:24:32.336, NVIDIA GeForce RTX 3090, <REDACTED_GPU_UUID>, 52, 0 %, 20212 MiB, 24576 MiB, 48.00 W
2026/09/26 17:24:33.336, NVIDIA GeForce RTX 3090, <REDACTED_GPU_UUID>, 52, 47 %, 20212 MiB, 24576 MiB, 47.25 W
2026/09/26 17:24:34.338, NVIDIA GeForce RTX 3090, <REDACTED_GPU_UUID>, 52, 46 %, 20242 MiB, 24576 MiB, 47.65 W
2026/09/26 17:24:35.339, NVIDIA GeForce RTX 3090, <REDACTED_GPU_UUID>, 54, 8 %, 20250 MiB, 24576 MiB, 119.12 W
2026/09/26 17:24:36.339, NVIDIA GeForce RTX 3090, <REDACTED_GPU_UUID>, 54, 9 %, 20266 MiB, 24576 MiB, 130.01 W
2026/09/26 17:24:37.340, NVIDIA GeForce RTX 3090, <REDACTED_GPU_UUID>, 53, 0 %, 20266 MiB, 24576 MiB, 106.51 W
2026/09/26 17:24:38.340, NVIDIA GeForce RTX 3090, <REDACTED_GPU_UUID>, 52, 0 %, 20266 MiB, 24576 MiB, 49.00 W
2026/09/26 17:24:39.341, NVIDIA GeForce RTX 3090, <REDACTED_GPU_UUID>, 52, 15 %, 20266 MiB, 24576 MiB, 46.51 W
2026/09/26 17:24:40.342, NVIDIA GeForce RTX 3090, <REDACTED_GPU_UUID>, 52, 15 %, 20283 MiB, 24576 MiB, 44.97 W
2026/09/26 17:24:41.342, NVIDIA GeForce RTX 3090, <REDACTED_GPU_UUID>, 52, 21 %, 20310 MiB, 24576 MiB, 43.44 W
2026/09/26 17:24:42.343, NVIDIA GeForce RTX 3090, <REDACTED_GPU_UUID>, 52, 13 %, 20305 MiB, 24576 MiB, 45.61 W
2026/09/26 17:24:43.343, NVIDIA GeForce RTX 3090, <REDACTED_GPU_UUID>, 52, 10 %, 20306 MiB, 24576 MiB, 40.59 W
2026/09/26 17:24:44.345, NVIDIA GeForce RTX 3090, <REDACTED_GPU_UUID>, 52, 30 %, 20301 MiB, 24576 MiB, 44.15 W
2026/09/26 17:24:45.345, NVIDIA GeForce RTX 3090, <REDACTED_GPU_UUID>, 52, 0 %, 20301 MiB, 24576 MiB, 42.20 W
2026/09/26 17:24:46.346, NVIDIA GeForce RTX 3090, <REDACTED_GPU_UUID>, 52, 4 %, 20301 MiB, 24576 MiB, 39.72 W
2026/09/26 17:24:47.346, NVIDIA GeForce RTX 3090, <REDACTED_GPU_UUID>, 52, 10 %, 20301 MiB, 24576 MiB, 40.83 W
2026/09/26 17:24:48.348, NVIDIA GeForce RTX 3090, <REDACTED_GPU_UUID>, 52, 28 %, 20301 MiB, 24576 MiB, 43.52 W
2026/09/26 17:24:49.348, NVIDIA GeForce RTX 3090, <REDACTED_GPU_UUID>, 52, 34 %, 20315 MiB, 24576 MiB, 45.59 W
2026/09/26 17:24:50.348, NVIDIA GeForce RTX 3090, <REDACTED_GPU_UUID>, 52, 19 %, 20336 MiB, 24576 MiB, 43.24 W
2026/09/26 17:24:51.348, NVIDIA GeForce RTX 3090, <REDACTED_GPU_UUID>, 52, 4 %, 20330 MiB, 24576 MiB, 43.48 W
2026/09/26 17:24:52.349, NVIDIA GeForce RTX 3090, <REDACTED_GPU_UUID>, 52, 7 %, 20330 MiB, 24576 MiB, 39.96 W
2026/09/26 17:24:53.350, NVIDIA GeForce RTX 3090, <REDACTED_GPU_UUID>, 52, 8 %, 20331 MiB, 24576 MiB, 42.22 W
2026/09/26 17:24:54.350, NVIDIA GeForce RTX 3090, <REDACTED_GPU_UUID>, 52, 3 %, 20331 MiB, 24576 MiB, 39.25 W
2026/09/26 17:24:55.351, NVIDIA GeForce RTX 3090, <REDACTED_GPU_UUID>, 52, 12 %, 20331 MiB, 24576 MiB, 40.24 W
2026/09/26 17:24:56.351, NVIDIA GeForce RTX 3090, <REDACTED_GPU_UUID>, 52, 15 %, 20331 MiB, 24576 MiB, 42.97 W
2026/09/26 17:24:57.352, NVIDIA GeForce RTX 3090, <REDACTED_GPU_UUID>, 52, 23 %, 20331 MiB, 24576 MiB, 44.16 W
2026/09/26 17:24:58.353, NVIDIA GeForce RTX 3090, <REDACTED_GPU_UUID>, 52, 0 %, 20331 MiB, 24576 MiB, 41.61 W
2026/09/26 17:24:59.353, NVIDIA GeForce RTX 3090, <REDACTED_GPU_UUID>, 52, 0 %, 20331 MiB, 24576 MiB, 43.34 W
2026/09/26 17:25:00.354, NVIDIA GeForce RTX 3090, <REDACTED_GPU_UUID>, 52, 0 %, 20331 MiB, 24576 MiB, 43.67 W
2026/09/26 17:25:01.354, NVIDIA GeForce RTX 3090, <REDACTED_GPU_UUID>, 52, 0 %, 20331 MiB, 24576 MiB, 44.05 W
2026/09/26 17:25:02.355, NVIDIA GeForce RTX 3090, <REDACTED_GPU_UUID>, 52, 0 %, 20331 MiB, 24576 MiB, 44.54 W
2026/09/26 17:25:03.356, NVIDIA GeForce RTX 3090, <REDACTED_GPU_UUID>, 54, 4 %, 20331 MiB, 24576 MiB, 118.07 W
2026/09/26 17:25:04.358, NVIDIA GeForce RTX 3090, <REDACTED_GPU_UUID>, 54, 0 %, 20331 MiB, 24576 MiB, 128.63 W
2026/09/26 17:25:05.358, NVIDIA GeForce RTX 3090, <REDACTED_GPU_UUID>, 53, 2 %, 20331 MiB, 24576 MiB, 106.44 W
2026/09/26 17:25:06.359, NVIDIA GeForce RTX 3090, <REDACTED_GPU_UUID>, 52, 0 %, 20331 MiB, 24576 MiB, 49.02 W
2026/09/26 17:25:07.359, NVIDIA GeForce RTX 3090, <REDACTED_GPU_UUID>, 52, 15 %, 20331 MiB, 24576 MiB, 43.70 W
2026/09/26 17:25:08.359, NVIDIA GeForce RTX 3090, <REDACTED_GPU_UUID>, 52, 4 %, 20331 MiB, 24576 MiB, 39.47 W
2026/09/26 17:25:09.360, NVIDIA GeForce RTX 3090, <REDACTED_GPU_UUID>, 52, 4 %, 20331 MiB, 24576 MiB, 38.92 W
2026/09/26 17:25:10.361, NVIDIA GeForce RTX 3090, <REDACTED_GPU_UUID>, 52, 2 %, 20331 MiB, 24576 MiB, 39.25 W
2026/09/26 17:25:11.361, NVIDIA GeForce RTX 3090, <REDACTED_GPU_UUID>, 52, 30 %, 20331 MiB, 24576 MiB, 45.80 W
2026/09/26 17:25:12.362, NVIDIA GeForce RTX 3090, <REDACTED_GPU_UUID>, 52, 30 %, 20331 MiB, 24576 MiB, 45.67 W
2026/09/26 17:25:13.363, NVIDIA GeForce RTX 3090, <REDACTED_GPU_UUID>, 52, 29 %, 20331 MiB, 24576 MiB, 45.67 W
2026/09/26 17:25:14.364, NVIDIA GeForce RTX 3090, <REDACTED_GPU_UUID>, 52, 29 %, 20331 MiB, 24576 MiB, 45.51 W
2026/09/26 17:25:15.365, NVIDIA GeForce RTX 3090, <REDACTED_GPU_UUID>, 52, 29 %, 20331 MiB, 24576 MiB, 45.63 W
2026/09/26 17:25:16.365, NVIDIA GeForce RTX 3090, <REDACTED_GPU_UUID>, 52, 30 %, 20331 MiB, 24576 MiB, 45.71 W
2026/09/26 17:25:17.366, NVIDIA GeForce RTX 3090, <REDACTED_GPU_UUID>, 52, 31 %, 20331 MiB, 24576 MiB, 45.63 W
2026/09/26 17:25:18.367, NVIDIA GeForce RTX 3090, <REDACTED_GPU_UUID>, 52, 30 %, 20331 MiB, 24576 MiB, 45.47 W
2026/09/26 17:25:19.368, NVIDIA GeForce RTX 3090, <REDACTED_GPU_UUID>, 52, 29 %, 20331 MiB, 24576 MiB, 45.78 W
2026/09/26 17:25:20.368, NVIDIA GeForce RTX 3090, <REDACTED_GPU_UUID>, 52, 31 %, 20331 MiB, 24576 MiB, 45.54 W
2026/09/26 17:25:21.369, NVIDIA GeForce RTX 3090, <REDACTED_GPU_UUID>, 52, 33 %, 20331 MiB, 24576 MiB, 46.27 W
2026/09/26 17:25:22.370, NVIDIA GeForce RTX 3090, <REDACTED_GPU_UUID>, 52, 12 %, 20331 MiB, 24576 MiB, 45.43 W
2026/09/26 17:25:23.370, NVIDIA GeForce RTX 3090, <REDACTED_GPU_UUID>, 52, 30 %, 20331 MiB, 24576 MiB, 46.28 W
2026/09/26 17:25:24.371, NVIDIA GeForce RTX 3090, <REDACTED_GPU_UUID>, 52, 12 %, 20331 MiB, 24576 MiB, 46.70 W
2026/09/26 17:25:25.372, NVIDIA GeForce RTX 3090, <REDACTED_GPU_UUID>, 52, 16 %, 20331 MiB, 24576 MiB, 42.35 W
2026/09/26 17:25:26.372, NVIDIA GeForce RTX 3090, <REDACTED_GPU_UUID>, 52, 0 %, 20331 MiB, 24576 MiB, 39.92 W
2026/09/26 17:25:27.373, NVIDIA GeForce RTX 3090, <REDACTED_GPU_UUID>, 52, 8 %, 20331 MiB, 24576 MiB, 42.20 W
2026/09/26 17:25:28.373, NVIDIA GeForce RTX 3090, <REDACTED_GPU_UUID>, 52, 0 %, 20331 MiB, 24576 MiB, 40.98 W
2026/09/26 17:25:29.374, NVIDIA GeForce RTX 3090, <REDACTED_GPU_UUID>, 52, 0 %, 20331 MiB, 24576 MiB, 40.16 W
2026/09/26 17:25:30.375, NVIDIA GeForce RTX 3090, <REDACTED_GPU_UUID>, 52, 0 %, 20334 MiB, 24576 MiB, 41.39 W
2026/09/26 17:25:31.375, NVIDIA GeForce RTX 3090, <REDACTED_GPU_UUID>, 52, 4 %, 20334 MiB, 24576 MiB, 41.65 W
2026/09/26 17:25:32.376, NVIDIA GeForce RTX 3090, <REDACTED_GPU_UUID>, 52, 15 %, 20334 MiB, 24576 MiB, 41.80 W
2026/09/26 17:25:33.378, NVIDIA GeForce RTX 3090, <REDACTED_GPU_UUID>, 52, 1 %, 20334 MiB, 24576 MiB, 39.90 W
2026/09/26 17:25:34.378, NVIDIA GeForce RTX 3090, <REDACTED_GPU_UUID>, 52, 46 %, 20334 MiB, 24576 MiB, 43.71 W
2026/09/26 17:25:35.380, NVIDIA GeForce RTX 3090, <REDACTED_GPU_UUID>, 52, 29 %, 20334 MiB, 24576 MiB, 46.99 W
2026/09/26 17:25:36.381, NVIDIA GeForce RTX 3090, <REDACTED_GPU_UUID>, 52, 47 %, 20334 MiB, 24576 MiB, 46.06 W
2026/09/26 17:25:37.382, NVIDIA GeForce RTX 3090, <REDACTED_GPU_UUID>, 52, 30 %, 20334 MiB, 24576 MiB, 46.77 W
2026/09/26 17:25:38.382, NVIDIA GeForce RTX 3090, <REDACTED_GPU_UUID>, 52, 32 %, 20334 MiB, 24576 MiB, 45.50 W
2026/09/26 17:25:39.383, NVIDIA GeForce RTX 3090, <REDACTED_GPU_UUID>, 52, 32 %, 20334 MiB, 24576 MiB, 46.32 W
2026/09/26 17:25:40.384, NVIDIA GeForce RTX 3090, <REDACTED_GPU_UUID>, 52, 29 %, 20334 MiB, 24576 MiB, 46.34 W
2026/09/26 17:25:41.385, NVIDIA GeForce RTX 3090, <REDACTED_GPU_UUID>, 52, 30 %, 20334 MiB, 24576 MiB, 46.24 W
2026/09/26 17:25:42.386, NVIDIA GeForce RTX 3090, <REDACTED_GPU_UUID>, 52, 29 %, 20334 MiB, 24576 MiB, 46.42 W
2026/09/26 17:25:43.387, NVIDIA GeForce RTX 3090, <REDACTED_GPU_UUID>, 52, 34 %, 20334 MiB, 24576 MiB, 46.63 W
2026/09/26 17:25:44.387, NVIDIA GeForce RTX 3090, <REDACTED_GPU_UUID>, 52, 32 %, 20334 MiB, 24576 MiB, 46.70 W
2026/09/26 17:25:45.388, NVIDIA GeForce RTX 3090, <REDACTED_GPU_UUID>, 52, 33 %, 20334 MiB, 24576 MiB, 46.27 W
2026/09/26 17:25:46.388, NVIDIA GeForce RTX 3090, <REDACTED_GPU_UUID>, 52, 1 %, 20334 MiB, 24576 MiB, 44.73 W
2026/09/26 17:25:47.389, NVIDIA GeForce RTX 3090, <REDACTED_GPU_UUID>, 52, 0 %, 20334 MiB, 24576 MiB, 41.88 W
2026/09/26 17:25:48.390, NVIDIA GeForce RTX 3090, <REDACTED_GPU_UUID>, 52, 34 %, 20334 MiB, 24576 MiB, 41.68 W
2026/09/26 17:25:49.391, NVIDIA GeForce RTX 3090, <REDACTED_GPU_UUID>, 52, 17 %, 20334 MiB, 24576 MiB, 44.02 W
2026/09/26 17:25:50.391, NVIDIA GeForce RTX 3090, <REDACTED_GPU_UUID>, 52, 0 %, 20334 MiB, 24576 MiB, 42.90 W
2026/09/26 17:25:51.392, NVIDIA GeForce RTX 3090, <REDACTED_GPU_UUID>, 52, 0 %, 20334 MiB, 24576 MiB, 39.53 W
2026/09/26 17:25:52.393, NVIDIA GeForce RTX 3090, <REDACTED_GPU_UUID>, 51, 3 %, 20334 MiB, 24576 MiB, 38.60 W
2026/09/26 17:25:53.394, NVIDIA GeForce RTX 3090, <REDACTED_GPU_UUID>, 52, 2 %, 20334 MiB, 24576 MiB, 41.16 W
2026/09/26 17:25:54.395, NVIDIA GeForce RTX 3090, <REDACTED_GPU_UUID>, 52, 20 %, 20334 MiB, 24576 MiB, 40.82 W
2026/09/26 17:25:55.396, NVIDIA GeForce RTX 3090, <REDACTED_GPU_UUID>, 51, 5 %, 20334 MiB, 24576 MiB, 39.43 W
2026/09/26 17:25:56.397, NVIDIA GeForce RTX 3090, <REDACTED_GPU_UUID>, 52, 29 %, 20334 MiB, 24576 MiB, 45.42 W
2026/09/26 17:25:57.399, NVIDIA GeForce RTX 3090, <REDACTED_GPU_UUID>, 52, 29 %, 20334 MiB, 24576 MiB, 47.38 W
2026/09/26 17:25:58.400, NVIDIA GeForce RTX 3090, <REDACTED_GPU_UUID>, 52, 30 %, 20334 MiB, 24576 MiB, 47.42 W
2026/09/26 17:25:59.401, NVIDIA GeForce RTX 3090, <REDACTED_GPU_UUID>, 52, 31 %, 20334 MiB, 24576 MiB, 47.38 W
2026/09/26 17:26:00.401, NVIDIA GeForce RTX 3090, <REDACTED_GPU_UUID>, 52, 46 %, 20334 MiB, 24576 MiB, 47.01 W
2026/09/26 17:26:01.402, NVIDIA GeForce RTX 3090, <REDACTED_GPU_UUID>, 52, 29 %, 20334 MiB, 24576 MiB, 47.48 W
2026/09/26 17:26:02.402, NVIDIA GeForce RTX 3090, <REDACTED_GPU_UUID>, 52, 53 %, 20334 MiB, 24576 MiB, 47.82 W
2026/09/26 17:26:03.403, NVIDIA GeForce RTX 3090, <REDACTED_GPU_UUID>, 52, 32 %, 20334 MiB, 24576 MiB, 47.13 W
2026/09/26 17:26:04.404, NVIDIA GeForce RTX 3090, <REDACTED_GPU_UUID>, 52, 1 %, 11114 MiB, 24576 MiB, 45.56 W
2026/09/26 17:26:05.405, NVIDIA GeForce RTX 3090, <REDACTED_GPU_UUID>, 53, 20 %, 1388 MiB, 24576 MiB, 50.47 W
2026/09/26 17:26:06.406, NVIDIA GeForce RTX 3090, <REDACTED_GPU_UUID>, 54, 0 %, 1388 MiB, 24576 MiB, 127.43 W
2026/09/26 17:26:07.407, NVIDIA GeForce RTX 3090, <REDACTED_GPU_UUID>, 54, 0 %, 1388 MiB, 24576 MiB, 129.05 W
2026/09/26 17:26:08.407, NVIDIA GeForce RTX 3090, <REDACTED_GPU_UUID>, 53, 0 %, 1388 MiB, 24576 MiB, 108.44 W
2026/09/26 17:26:09.408, NVIDIA GeForce RTX 3090, <REDACTED_GPU_UUID>, 52, 1 %, 1388 MiB, 24576 MiB, 47.94 W
2026/09/26 17:26:10.409, NVIDIA GeForce RTX 3090, <REDACTED_GPU_UUID>, 52, 1 %, 1388 MiB, 24576 MiB, 40.97 W
2026/09/26 17:26:11.409, NVIDIA GeForce RTX 3090, <REDACTED_GPU_UUID>, 52, 66 %, 1388 MiB, 24576 MiB, 39.26 W
2026/09/26 17:26:12.411, NVIDIA GeForce RTX 3090, <REDACTED_GPU_UUID>, 52, 29 %, 1388 MiB, 24576 MiB, 47.28 W
2026/09/26 17:26:13.411, NVIDIA GeForce RTX 3090, <REDACTED_GPU_UUID>, 52, 29 %, 1388 MiB, 24576 MiB, 47.72 W
2026/09/26 17:26:14.411, NVIDIA GeForce RTX 3090, <REDACTED_GPU_UUID>, 52, 31 %, 1388 MiB, 24576 MiB, 47.45 W
2026/09/26 17:26:15.412, NVIDIA GeForce RTX 3090, <REDACTED_GPU_UUID>, 52, 31 %, 1388 MiB, 24576 MiB, 47.33 W
2026/09/26 17:26:16.413, NVIDIA GeForce RTX 3090, <REDACTED_GPU_UUID>, 52, 30 %, 1388 MiB, 24576 MiB, 46.97 W
2026/09/26 17:26:17.414, NVIDIA GeForce RTX 3090, <REDACTED_GPU_UUID>, 52, 29 %, 1388 MiB, 24576 MiB, 47.26 W
2026/09/26 17:26:18.415, NVIDIA GeForce RTX 3090, <REDACTED_GPU_UUID>, 52, 30 %, 1388 MiB, 24576 MiB, 47.14 W
2026/09/26 17:26:19.416, NVIDIA GeForce RTX 3090, <REDACTED_GPU_UUID>, 52, 31 %, 1388 MiB, 24576 MiB, 47.24 W
2026/09/26 17:26:20.416, NVIDIA GeForce RTX 3090, <REDACTED_GPU_UUID>, 52, 48 %, 1388 MiB, 24576 MiB, 46.82 W
2026/09/26 17:26:21.418, NVIDIA GeForce RTX 3090, <REDACTED_GPU_UUID>, 52, 30 %, 1388 MiB, 24576 MiB, 47.33 W
2026/09/26 17:26:22.418, NVIDIA GeForce RTX 3090, <REDACTED_GPU_UUID>, 52, 50 %, 1388 MiB, 24576 MiB, 47.26 W
2026/09/26 17:26:23.419, NVIDIA GeForce RTX 3090, <REDACTED_GPU_UUID>, 52, 32 %, 1388 MiB, 24576 MiB, 47.60 W
2026/09/26 17:26:24.419, NVIDIA GeForce RTX 3090, <REDACTED_GPU_UUID>, 52, 53 %, 1388 MiB, 24576 MiB, 47.32 W
2026/09/26 17:26:25.420, NVIDIA GeForce RTX 3090, <REDACTED_GPU_UUID>, 52, 3 %, 1388 MiB, 24576 MiB, 46.02 W
2026/09/26 17:26:26.421, NVIDIA GeForce RTX 3090, <REDACTED_GPU_UUID>, 52, 3 %, 1388 MiB, 24576 MiB, 43.00 W
2026/09/26 17:26:27.422, NVIDIA GeForce RTX 3090, <REDACTED_GPU_UUID>, 52, 2 %, 1388 MiB, 24576 MiB, 40.15 W
2026/09/26 17:26:28.422, NVIDIA GeForce RTX 3090, <REDACTED_GPU_UUID>, 52, 2 %, 1388 MiB, 24576 MiB, 40.04 W
2026/09/26 17:26:29.423, NVIDIA GeForce RTX 3090, <REDACTED_GPU_UUID>, 52, 17 %, 1389 MiB, 24576 MiB, 41.71 W
2026/09/26 17:26:30.425, NVIDIA GeForce RTX 3090, <REDACTED_GPU_UUID>, 52, 12 %, 1389 MiB, 24576 MiB, 40.33 W
2026/09/26 17:26:31.426, NVIDIA GeForce RTX 3090, <REDACTED_GPU_UUID>, 52, 7 %, 1389 MiB, 24576 MiB, 40.75 W
2026/09/26 17:26:32.427, NVIDIA GeForce RTX 3090, <REDACTED_GPU_UUID>, 52, 2 %, 1389 MiB, 24576 MiB, 40.56 W
2026/09/26 17:26:33.427, NVIDIA GeForce RTX 3090, <REDACTED_GPU_UUID>, 52, 43 %, 1442 MiB, 24576 MiB, 44.12 W
2026/09/26 17:26:34.428, NVIDIA GeForce RTX 3090, <REDACTED_GPU_UUID>, 54, 1 %, 1435 MiB, 24576 MiB, 110.81 W
2026/09/26 17:26:35.429, NVIDIA GeForce RTX 3090, <REDACTED_GPU_UUID>, 54, 1 %, 1435 MiB, 24576 MiB, 131.12 W
2026/09/26 17:26:36.429, NVIDIA GeForce RTX 3090, <REDACTED_GPU_UUID>, 54, 9 %, 1435 MiB, 24576 MiB, 119.10 W
2026/09/26 17:26:37.430, NVIDIA GeForce RTX 3090, <REDACTED_GPU_UUID>, 53, 2 %, 1434 MiB, 24576 MiB, 65.74 W
2026/09/26 17:26:38.431, NVIDIA GeForce RTX 3090, <REDACTED_GPU_UUID>, 52, 5 %, 1434 MiB, 24576 MiB, 43.55 W
