TIME STAMP,GPU UTIL,GPU SCLK,GPU BRD PWR,GPU TEMP,GPU HOTSPOT TEMP,GPU FAN,GPU VOLTAGE,GPU MEM UTIL,GPU MCLK,GPU MEM TEMP,CPU UTIL,SYSTEM MEM UTIL
N/A,6.11,154.36,66.83,43.62,50.90,408.56,506.72,22660.74,1429.88,66.89,5.92,36.50
2026-09-12 16:03:00.315,6.000,99.000,47,44.000,51.000,567.000,641.000,22655.000,909.000,68.000,6.34,38.90
2026-09-12 16:03:01.085,11.000,165.000,45,44.000,51.000,567.000,683.000,22656.000,909.000,68.000,10.15,38.90
2026-09-12 16:03:02.081,11.000,162.000,46,44.000,51.000,567.000,684.000,22641.000,909.000,68.000,5.02,38.90
2026-09-12 16:03:03.080,12.000,168.000,46,44.000,51.000,567.000,684.000,22675.000,909.000,68.000,6.90,38.98
2026-09-12 16:03:04.080,9.000,132.000,47,44.000,51.000,567.000,683.000,22675.000,909.000,68.000,4.64,38.97
2026-09-12 16:03:05.271,5.000,83.000,49,44.000,51.000,567.000,618.000,22674.000,909.000,68.000,3.91,38.97
2026-09-12 16:03:06.083,2.000,28.000,49,44.000,51.000,567.000,448.000,22671.000,909.000,68.000,4.94,38.97
2026-09-12 16:03:07.088,2.000,36.000,26,44.000,50.000,567.000,476.000,22670.000,209.000,67.000,2.84,38.97
2026-09-12 16:03:08.080,2.000,26.000,17,44.000,49.000,567.000,304.000,22642.000,29.000,66.000,3.20,38.97
2026-09-12 16:03:09.081,2.000,26.000,17,44.000,49.000,567.000,304.000,22642.000,29.000,66.000,3.20,38.97
2026-09-12 16:03:10.082,2.000,39.000,19,44.000,49.000,567.000,410.000,22642.000,37.000,66.000,2.88,38.97
2026-09-12 16:03:11.080,2.000,31.000,19,43.000,49.000,567.000,479.000,22642.000,36.000,66.000,4.04,38.97
2026-09-12 16:03:12.081,3.000,24.000,18,43.000,49.000,567.000,446.000,22642.000,33.000,66.000,2.97,38.97
2026-09-12 16:03:13.083,0.000,11.000,14,43.000,49.000,567.000,328.000,22642.000,17.000,66.000,2.94,38.96
2026-09-12 16:03:14.085,0.000,3.000,9,43.000,49.000,567.000,144.000,22642.000,16.000,66.000,3.10,38.96
2026-09-12 16:03:15.080,0.000,0.000,8,43.000,49.000,567.000,55.000,22642.000,18.000,66.000,2.92,38.96
2026-09-12 16:03:16.080,0.000,0.000,6,43.000,49.000,567.000,55.000,22642.000,14.000,64.000,3.23,38.96
2026-09-12 16:03:17.081,0.000,0.000,11,43.000,48.000,567.000,55.000,22642.000,67.000,64.000,2.88,38.96
2026-09-12 16:03:18.080,4.000,56.000,29,43.000,49.000,567.000,461.000,22663.000,358.000,65.000,8.69,39.36
2026-09-12 16:03:19.081,86.000,2388.000,375,47.000,63.000,567.000,882.000,22762.000,2487.000,68.000,13.12,38.84
2026-09-12 16:03:20.080,70.000,2067.000,319,49.000,63.000,544.000,780.000,22747.000,2487.000,71.000,13.10,38.68
2026-09-12 16:03:21.087,45.000,1856.000,225,48.000,60.000,551.000,777.000,22686.000,2487.000,70.000,7.83,38.86
2026-09-12 16:03:22.080,3.000,44.000,84,45.000,53.000,567.000,487.000,22669.000,2487.000,70.000,2.82,38.86
2026-09-12 16:03:23.081,17.000,1041.000,58,45.000,52.000,567.000,551.000,22665.000,1538.000,70.000,6.37,38.94
2026-09-12 16:03:24.080,5.000,89.000,81,45.000,53.000,587.000,681.000,22703.000,2487.000,68.000,6.99,38.96
2026-09-12 16:03:25.081,7.000,105.000,82,45.000,53.000,597.000,637.000,22689.000,2466.000,70.000,5.05,38.95
2026-09-12 16:03:26.080,7.000,106.000,72,45.000,53.000,606.000,671.000,22684.000,2183.000,68.000,5.49,38.93
2026-09-12 16:03:27.084,15.000,209.000,48,44.000,51.000,627.000,571.000,22745.000,909.000,68.000,8.70,38.99
2026-09-12 16:03:28.081,4.000,64.000,47,44.000,51.000,627.000,610.000,22668.000,909.000,68.000,8.75,38.88
2026-09-12 16:03:29.082,5.000,77.000,47,44.000,51.000,627.000,659.000,22671.000,909.000,67.000,6.18,38.88
2026-09-12 16:03:30.080,2.000,43.000,47,44.000,50.000,627.000,537.000,22688.000,909.000,68.000,5.49,38.88
2026-09-12 16:03:31.081,6.000,88.000,48,44.000,50.000,627.000,577.000,22725.000,909.000,68.000,6.85,38.88
2026-09-12 16:03:32.080,6.000,84.000,49,44.000,50.000,599.000,578.000,22737.000,909.000,68.000,6.35,38.92
2026-09-12 16:03:33.080,2.000,40.000,48,44.000,50.000,586.000,435.000,22676.000,909.000,68.000,4.22,38.93
2026-09-12 16:03:34.080,7.000,100.000,81,44.000,52.000,567.000,582.000,22729.000,2487.000,68.000,6.16,38.93
2026-09-12 16:03:35.086,7.000,101.000,64,44.000,51.000,563.000,640.000,22735.000,1777.000,68.000,5.16,38.93
2026-09-12 16:03:36.080,2.000,34.000,60,44.000,51.000,550.000,410.000,22733.000,1495.000,68.000,4.95,38.93
2026-09-12 16:03:37.083,2.000,36.000,55,44.000,50.000,540.000,427.000,22645.000,1108.000,68.000,4.54,38.92
2026-09-12 16:03:38.084,1.000,26.000,80,44.000,52.000,538.000,416.000,22645.000,2487.000,68.000,7.35,38.91
2026-09-12 16:03:39.081,3.000,46.000,81,44.000,52.000,538.000,504.000,22645.000,2487.000,68.000,5.11,38.90
2026-09-12 16:03:40.080,3.000,52.000,81,44.000,52.000,538.000,573.000,22655.000,2487.000,68.000,4.93,38.91
2026-09-12 16:03:41.080,5.000,82.000,74,44.000,52.000,538.000,681.000,22678.000,2291.000,68.000,6.53,38.91
2026-09-12 16:03:42.081,2.000,38.000,56,43.000,51.000,538.000,573.000,22708.000,1538.000,68.000,5.77,38.90
2026-09-12 16:03:43.081,1.000,9.000,51,43.000,50.000,538.000,297.000,22676.000,909.000,68.000,3.06,38.90
2026-09-12 16:03:44.080,0.000,0.000,43,43.000,50.000,538.000,61.000,22674.000,909.000,66.000,3.70,38.90
2026-09-12 16:03:45.081,1.000,1.000,51,43.000,50.000,538.000,82.000,22672.000,909.000,66.000,5.28,38.90
2026-09-12 16:03:46.081,2.000,57.000,42,43.000,50.000,538.000,680.000,22672.000,909.000,66.000,3.58,38.89
2026-09-12 16:03:47.081,10.000,34.000,48,43.000,50.000,538.000,673.000,22657.000,909.000,66.000,3.72,38.90
2026-09-12 16:03:48.083,0.000,42.000,53,43.000,50.000,538.000,680.000,22680.000,909.000,66.000,7.68,38.90
2026-09-12 16:03:49.087,27.000,1334.000,45,43.000,50.000,538.000,685.000,22720.000,909.000,66.000,12.86,38.86
2026-09-12 16:03:50.080,10.000,180.000,83,44.000,52.000,538.000,682.000,22698.000,2487.000,68.000,5.68,38.84
2026-09-12 16:03:51.081,4.000,50.000,83,44.000,52.000,538.000,681.000,22698.000,2487.000,68.000,7.18,38.82
2026-09-12 16:03:52.080,2.000,54.000,85,43.000,52.000,538.000,680.000,22659.000,2487.000,68.000,8.71,38.82
2026-09-12 16:03:53.081,2.000,62.000,60,43.000,50.000,538.000,680.000,22667.000,1538.000,68.000,7.77,38.82
2026-09-12 16:03:54.081,5.000,77.000,81,44.000,52.000,538.000,680.000,22668.000,2487.000,68.000,12.89,38.82
2026-09-12 16:03:55.084,5.000,107.000,54,43.000,51.000,538.000,683.000,22668.000,1538.000,68.000,13.04,38.82
2026-09-12 16:03:56.080,3.000,72.000,82,44.000,52.000,538.000,681.000,22656.000,2487.000,68.000,9.49,38.83
2026-09-12 16:03:57.081,2.000,58.000,60,43.000,50.000,538.000,680.000,22656.000,1538.000,68.000,4.93,38.85
2026-09-12 16:03:58.082,1.000,20.000,84,43.000,52.000,538.000,436.000,22669.000,2487.000,68.000,6.52,38.84
2026-09-12 16:03:59.081,0.000,13.000,87,44.000,52.000,538.000,348.000,22669.000,2487.000,68.000,3.48,38.84
2026-09-12 16:04:00.080,1.000,24.000,61,43.000,51.000,538.000,391.000,22666.000,1538.000,68.000,3.63,38.84
2026-09-12 16:04:01.080,0.000,11.000,51,43.000,50.000,538.000,290.000,22666.000,909.000,66.000,4.58,38.85
2026-09-12 16:04:02.082,0.000,8.000,87,43.000,51.000,538.000,232.000,22666.000,2487.000,67.000,3.24,38.84
2026-09-12 16:04:03.087,0.000,7.000,79,43.000,51.000,538.000,228.000,22656.000,2404.000,69.000,3.27,38.84
2026-09-12 16:04:04.080,0.000,8.000,85,43.000,52.000,538.000,264.000,22666.000,2487.000,68.000,4.21,38.84
2026-09-12 16:04:05.081,0.000,10.000,64,43.000,50.000,538.000,281.000,22666.000,1538.000,68.000,4.10,38.84
2026-09-12 16:04:06.081,1.000,13.000,52,43.000,50.000,538.000,264.000,22666.000,909.000,68.000,3.16,38.84
2026-09-12 16:04:07.081,17.000,1345.000,45,43.000,50.000,538.000,683.000,22656.000,909.000,66.000,3.64,38.84
2026-09-12 16:04:08.082,1.000,14.000,51,43.000,49.000,538.000,299.000,22656.000,909.000,66.000,3.83,38.84
2026-09-12 16:04:09.083,1.000,24.000,47,43.000,49.000,538.000,468.000,22656.000,909.000,66.000,4.06,38.83
2026-09-12 16:04:10.082,1.000,22.000,85,43.000,51.000,538.000,353.000,22659.000,2487.000,68.000,4.39,38.83
2026-09-12 16:04:11.082,1.000,20.000,61,43.000,50.000,538.000,361.000,22659.000,1538.000,68.000,4.74,38.83
2026-09-12 16:04:12.080,1.000,20.000,85,43.000,51.000,538.000,395.000,22659.000,2487.000,68.000,4.85,38.83
2026-09-12 16:04:13.080,1.000,13.000,78,43.000,51.000,538.000,252.000,22659.000,2239.000,68.000,3.18,38.83
2026-09-12 16:04:14.080,1.000,17.000,80,43.000,51.000,538.000,317.000,22656.000,2487.000,66.000,3.78,38.83
2026-09-12 16:04:15.080,1.000,20.000,80,43.000,51.000,538.000,368.000,22656.000,2487.000,67.000,4.23,38.83
2026-09-12 16:04:16.083,1.000,30.000,58,43.000,50.000,538.000,442.000,22656.000,1538.000,68.000,7.16,38.84
2026-09-12 16:04:17.088,0.000,9.000,47,43.000,49.000,538.000,286.000,22656.000,909.000,68.000,3.11,38.84
2026-09-12 16:04:18.080,0.000,1.000,54,43.000,49.000,538.000,113.000,22656.000,909.000,66.000,2.97,38.84
2026-09-12 16:04:19.080,0.000,0.000,45,43.000,49.000,538.000,55.000,22667.000,909.000,66.000,4.48,38.83
2026-09-12 16:04:20.081,0.000,6.000,47,43.000,49.000,538.000,260.000,22667.000,909.000,66.000,3.72,38.84
2026-09-12 16:04:21.081,6.000,117.000,48,43.000,49.000,538.000,680.000,22672.000,909.000,66.000,7.08,38.84
2026-09-12 16:04:22.080,8.000,122.000,58,43.000,50.000,538.000,683.000,22663.000,1538.000,66.000,8.14,38.84
2026-09-12 16:04:23.082,3.000,60.000,82,43.000,51.000,538.000,680.000,22664.000,2487.000,67.000,5.86,38.84
2026-09-12 16:04:24.083,3.000,76.000,61,43.000,50.000,538.000,681.000,22660.000,1722.000,66.000,6.19,38.84
2026-09-12 16:04:25.081,10.000,153.000,79,43.000,51.000,538.000,683.000,22658.000,2487.000,66.000,6.24,38.81
2026-09-12 16:04:26.080,7.000,116.000,65,43.000,50.000,538.000,682.000,22657.000,1863.000,66.000,9.45,38.82
2026-09-12 16:04:27.080,3.000,62.000,83,43.000,51.000,538.000,680.000,22657.000,2487.000,68.000,4.52,38.81
2026-09-12 16:04:28.080,10.000,154.000,79,43.000,51.000,538.000,683.000,22682.000,2487.000,67.000,9.20,38.83
2026-09-12 16:04:29.081,5.000,91.000,74,43.000,51.000,538.000,679.000,22682.000,2244.000,66.000,14.49,38.83
2026-09-12 16:04:30.081,8.000,127.000,80,43.000,51.000,538.000,682.000,22669.000,2473.000,67.000,14.28,38.83
2026-09-12 16:04:31.081,7.000,118.000,80,43.000,51.000,538.000,682.000,22679.000,2487.000,67.000,16.71,38.92
2026-09-12 16:04:32.080,4.000,84.000,67,43.000,50.000,538.000,681.000,22680.000,2002.000,66.000,9.59,38.92
2026-09-12 16:04:33.081,9.000,149.000,77,43.000,51.000,538.000,683.000,22685.000,2487.000,66.000,15.21,38.93
2026-09-12 16:04:34.085,2.000,48.000,79,43.000,51.000,538.000,627.000,22697.000,2487.000,66.000,9.95,38.93
2026-09-12 16:04:35.087,2.000,48.000,79,43.000,51.000,538.000,627.000,22697.000,2487.000,66.000,9.95,38.93
2026-09-12 16:04:36.080,1.000,34.000,81,43.000,51.000,538.000,460.000,22662.000,2350.000,68.000,5.19,38.92
2026-09-12 16:04:37.082,1.000,25.000,81,43.000,51.000,538.000,349.000,22661.000,2487.000,67.000,5.88,38.93
2026-09-12 16:04:38.080,4.000,83.000,81,43.000,51.000,538.000,674.000,22653.000,2487.000,66.000,5.61,38.93
2026-09-12 16:04:39.080,1.000,24.000,56,43.000,50.000,538.000,387.000,22647.000,1250.000,67.000,4.02,38.92
2026-09-12 16:04:40.083,2.000,29.000,82,43.000,51.000,538.000,434.000,22642.000,2487.000,68.000,4.84,38.91
2026-09-12 16:04:41.083,5.000,74.000,84,43.000,51.000,538.000,437.000,22656.000,2487.000,68.000,5.87,38.91
2026-09-12 16:04:42.083,1.000,27.000,84,43.000,51.000,538.000,347.000,22682.000,2487.000,67.000,6.56,38.92
2026-09-12 16:04:43.083,1.000,31.000,80,43.000,51.000,538.000,436.000,22675.000,2487.000,68.000,4.39,38.91
2026-09-12 16:04:44.080,1.000,21.000,83,43.000,51.000,538.000,370.000,22675.000,2487.000,68.000,4.09,38.91
2026-09-12 16:04:45.081,5.000,82.000,58,43.000,50.000,538.000,526.000,22668.000,1538.000,68.000,4.53,38.90
2026-09-12 16:04:46.081,3.000,53.000,48,43.000,49.000,538.000,486.000,22677.000,909.000,66.000,5.70,38.91
2026-09-12 16:04:47.080,2.000,23.000,50,43.000,49.000,538.000,376.000,22677.000,909.000,66.000,4.04,38.90
2026-09-12 16:04:48.080,1.000,16.000,49,43.000,49.000,538.000,346.000,22677.000,909.000,66.000,2.96,38.89
2026-09-12 16:04:49.082,1.000,22.000,47,43.000,49.000,538.000,375.000,22661.000,909.000,66.000,4.13,38.90
2026-09-12 16:04:50.080,2.000,30.000,48,43.000,49.000,538.000,388.000,22661.000,909.000,66.000,4.09,38.90
2026-09-12 16:04:51.081,2.000,22.000,49,42.000,49.000,538.000,391.000,22655.000,909.000,66.000,4.08,38.90
2026-09-12 16:04:52.081,8.000,127.000,47,42.000,49.000,548.000,546.000,22655.000,909.000,66.000,5.41,38.89
2026-09-12 16:04:53.080,2.000,38.000,48,42.000,49.000,568.000,535.000,22654.000,909.000,66.000,3.94,38.89
2026-09-12 16:04:54.080,6.000,101.000,47,42.000,49.000,538.000,681.000,22759.000,909.000,66.000,10.00,38.91
2026-09-12 16:04:55.080,6.000,118.000,59,42.000,49.000,538.000,682.000,22759.000,1627.000,66.000,7.23,38.91
2026-09-12 16:04:56.081,3.000,62.000,83,43.000,51.000,538.000,622.000,22754.000,2487.000,66.000,5.68,38.92
2026-09-12 16:04:57.080,1.000,31.000,86,43.000,50.000,538.000,509.000,22755.000,2487.000,66.000,5.45,38.91
2026-09-12 16:04:58.080,1.000,44.000,84,43.000,51.000,538.000,680.000,22740.000,2487.000,66.000,6.19,38.90
2026-09-12 16:04:59.083,2.000,44.000,75,43.000,51.000,538.000,680.000,22675.000,2487.000,66.000,4.11,38.90
2026-09-12 16:05:00.081,8.000,127.000,79,43.000,51.000,538.000,680.000,22675.000,2487.000,66.000,4.33,38.91
2026-09-12 16:05:01.081,2.000,32.000,80,43.000,51.000,538.000,428.000,22674.000,2413.000,67.000,4.01,38.91
2026-09-12 16:05:02.081,3.000,39.000,54,43.000,49.000,538.000,419.000,22671.000,1234.000,66.000,5.95,38.90
2026-09-12 16:05:03.080,7.000,100.000,46,42.000,49.000,538.000,536.000,22672.000,909.000,66.000,4.97,38.90
2026-09-12 16:05:04.080,2.000,35.000,47,42.000,49.000,538.000,411.000,22654.000,909.000,66.000,4.03,38.90
2026-09-12 16:05:05.081,2.000,31.000,48,42.000,49.000,538.000,399.000,22653.000,909.000,66.000,3.20,38.90
2026-09-12 16:05:06.081,3.000,48.000,48,42.000,48.000,538.000,475.000,22653.000,909.000,66.000,4.79,38.89
2026-09-12 16:05:07.080,2.000,32.000,48,42.000,48.000,538.000,428.000,22653.000,909.000,66.000,3.63,38.89
2026-09-12 16:05:08.080,2.000,36.000,46,42.000,48.000,541.000,547.000,22653.000,909.000,66.000,3.60,38.89
2026-09-12 16:05:09.081,0.000,0.000,49,42.000,48.000,538.000,55.000,22645.000,909.000,66.000,2.91,38.89
2026-09-12 16:05:10.081,0.000,5.000,49,42.000,48.000,544.000,256.000,22645.000,909.000,66.000,2.80,38.89
2026-09-12 16:05:11.080,0.000,0.000,53,42.000,48.000,538.000,55.000,22645.000,909.000,66.000,3.08,38.89
2026-09-12 16:05:12.080,0.000,0.000,50,42.000,48.000,568.000,98.000,22645.000,909.000,66.000,4.23,38.89
2026-09-12 16:05:13.083,0.000,0.000,51,42.000,48.000,558.000,70.000,22645.000,909.000,66.000,2.88,38.89
2026-09-12 16:05:14.082,3.000,6.000,47,42.000,48.000,568.000,245.000,22645.000,909.000,66.000,2.71,38.89
2026-09-12 16:05:15.080,1.000,20.000,43,42.000,48.000,538.000,475.000,22645.000,909.000,66.000,7.32,38.89
2026-09-12 16:05:16.084,0.000,0.000,45,42.000,48.000,538.000,55.000,22647.000,909.000,66.000,3.61,38.89
2026-09-12 16:05:17.082,0.000,0.000,45,41.000,48.000,538.000,55.000,22647.000,909.000,66.000,3.45,38.89
2026-09-12 16:05:18.080,1.000,6.000,52,42.000,48.000,538.000,84.000,22647.000,909.000,66.000,3.07,38.89
2026-09-12 16:05:19.080,2.000,20.000,44,41.000,48.000,538.000,417.000,22645.000,909.000,66.000,3.19,38.89
2026-09-12 16:05:20.081,1.000,10.000,50,41.000,48.000,538.000,147.000,22645.000,909.000,65.000,3.73,38.89
2026-09-12 16:05:21.082,1.000,11.000,51,41.000,48.000,538.000,204.000,22645.000,909.000,64.000,3.71,38.89
2026-09-12 16:05:22.081,1.000,21.000,44,41.000,48.000,538.000,459.000,22645.000,909.000,64.000,4.59,38.83
2026-09-12 16:05:23.081,1.000,19.000,46,41.000,48.000,538.000,420.000,22645.000,909.000,65.000,3.91,38.83
2026-09-12 16:05:24.081,3.000,69.000,46,41.000,48.000,538.000,681.000,22704.000,909.000,64.000,9.36,38.92
2026-09-12 16:05:25.083,9.000,147.000,45,41.000,48.000,557.000,683.000,22701.000,909.000,64.000,5.32,38.90
2026-09-12 16:05:26.081,3.000,57.000,46,41.000,48.000,559.000,638.000,22701.000,909.000,64.000,5.02,38.90
2026-09-12 16:05:27.081,1.000,22.000,49,41.000,48.000,550.000,474.000,22677.000,909.000,64.000,10.94,38.85
2026-09-12 16:05:28.080,1.000,24.000,45,41.000,48.000,566.000,387.000,22705.000,909.000,65.000,11.86,38.85
2026-09-12 16:05:29.080,1.000,31.000,47,41.000,48.000,568.000,416.000,22705.000,909.000,64.000,6.69,38.85
2026-09-12 16:05:30.080,0.000,12.000,51,41.000,48.000,557.000,350.000,22709.000,909.000,64.000,3.61,38.85
2026-09-12 16:05:31.080,0.000,8.000,51,41.000,48.000,548.000,274.000,22667.000,909.000,64.000,4.79,38.85
2026-09-12 16:05:32.080,0.000,6.000,46,41.000,48.000,547.000,218.000,22669.000,909.000,64.000,5.09,38.84
2026-09-12 16:05:33.081,0.000,26.000,49,41.000,47.000,538.000,681.000,22675.000,909.000,64.000,4.76,38.85
2026-09-12 16:05:34.080,0.000,43.000,50,41.000,47.000,538.000,685.000,22675.000,909.000,64.000,3.80,38.84
2026-09-12 16:05:35.080,1.000,24.000,49,41.000,47.000,538.000,353.000,22660.000,909.000,64.000,2.74,38.84
2026-09-12 16:05:36.083,1.000,19.000,47,41.000,47.000,538.000,432.000,22664.000,909.000,64.000,3.45,38.84
2026-09-12 16:05:37.083,1.000,17.000,45,41.000,47.000,544.000,339.000,22660.000,909.000,64.000,3.80,38.84
2026-09-12 16:05:38.083,2.000,43.000,45,41.000,47.000,564.000,504.000,22667.000,909.000,64.000,3.99,38.84
2026-09-12 16:05:39.083,1.000,13.000,47,41.000,47.000,555.000,315.000,22667.000,909.000,64.000,3.04,38.84
2026-09-12 16:05:40.082,1.000,15.000,48,41.000,47.000,545.000,210.000,22660.000,909.000,64.000,2.89,38.84
2026-09-12 16:05:41.081,1.000,19.000,50,41.000,47.000,551.000,318.000,22660.000,909.000,64.000,3.20,38.84
2026-09-12 16:05:42.081,1.000,22.000,50,40.000,47.000,538.000,350.000,22660.000,909.000,64.000,7.51,38.83
2026-09-12 16:05:43.080,7.000,90.000,47,41.000,47.000,538.000,625.000,22705.000,909.000,64.000,4.10,38.84
2026-09-12 16:05:44.080,2.000,32.000,45,41.000,47.000,538.000,401.000,22705.000,909.000,64.000,4.17,38.84
2026-09-12 16:05:45.083,2.000,32.000,44,41.000,47.000,538.000,413.000,22682.000,909.000,64.000,3.48,38.83
2026-09-12 16:05:46.083,1.000,26.000,47,40.000,47.000,538.000,389.000,22679.000,909.000,64.000,3.85,38.83
2026-09-12 16:05:47.080,3.000,46.000,44,40.000,47.000,550.000,483.000,22676.000,909.000,64.000,3.19,38.83
2026-09-12 16:05:48.083,3.000,46.000,44,40.000,47.000,550.000,483.000,22676.000,909.000,64.000,3.19,38.83
2026-09-12 16:05:49.080,2.000,39.000,50,40.000,47.000,558.000,303.000,22664.000,909.000,64.000,3.16,38.83
2026-09-12 16:05:50.080,2.000,21.000,43,40.000,47.000,557.000,367.000,22665.000,909.000,64.000,5.48,38.83
2026-09-12 16:05:51.081,2.000,46.000,49,40.000,47.000,548.000,465.000,22667.000,909.000,64.000,4.32,38.84
2026-09-12 16:05:52.081,3.000,44.000,47,40.000,47.000,558.000,599.000,22667.000,909.000,64.000,4.20,38.83
2026-09-12 16:05:53.080,1.000,18.000,48,40.000,47.000,538.000,329.000,22672.000,909.000,64.000,4.10,38.83
2026-09-12 16:05:54.081,2.000,39.000,48,40.000,47.000,538.000,512.000,22670.000,909.000,64.000,3.62,38.83
2026-09-12 16:05:55.081,1.000,30.000,45,40.000,47.000,542.000,494.000,22679.000,909.000,64.000,3.83,38.83
2026-09-12 16:05:56.081,1.000,15.000,47,40.000,47.000,551.000,253.000,22680.000,909.000,64.000,4.18,38.83
2026-09-12 16:05:57.081,3.000,58.000,46,40.000,47.000,538.000,593.000,22671.000,909.000,64.000,4.99,38.82
2026-09-12 16:05:58.080,1.000,23.000,47,40.000,47.000,568.000,368.000,22768.000,909.000,64.000,6.29,38.83
2026-09-12 16:05:59.081,4.000,84.000,45,40.000,47.000,565.000,532.000,22773.000,909.000,64.000,4.06,38.83
2026-09-12 16:06:00.080,1.000,19.000,49,40.000,47.000,538.000,293.000,22773.000,909.000,64.000,3.14,38.83
2026-09-12 16:06:01.081,2.000,29.000,47,40.000,47.000,555.000,330.000,22773.000,909.000,64.000,3.73,38.83
2026-09-12 16:06:02.080,1.000,33.000,46,40.000,47.000,538.000,607.000,22670.000,909.000,64.000,5.32,38.83
2026-09-12 16:06:03.081,1.000,26.000,45,40.000,46.000,538.000,360.000,22669.000,909.000,64.000,4.89,38.83
2026-09-12 16:06:04.082,1.000,11.000,49,40.000,46.000,538.000,221.000,22669.000,909.000,64.000,2.94,38.82
2026-09-12 16:06:05.080,1.000,20.000,42,40.000,47.000,538.000,421.000,22764.000,909.000,64.000,3.79,38.82
2026-09-12 16:06:06.081,1.000,22.000,45,40.000,46.000,538.000,405.000,22764.000,909.000,64.000,6.69,38.81
2026-09-12 16:06:07.083,2.000,31.000,47,40.000,46.000,538.000,570.000,22756.000,909.000,64.000,4.64,38.82
2026-09-12 16:06:08.080,1.000,21.000,49,40.000,46.000,538.000,530.000,22687.000,909.000,64.000,4.29,38.81
2026-09-12 16:06:09.083,11.000,186.000,46,40.000,46.000,538.000,684.000,22686.000,909.000,64.000,3.99,38.81
2026-09-12 16:06:10.080,4.000,55.000,48,40.000,46.000,538.000,651.000,22686.000,909.000,64.000,3.08,38.81
2026-09-12 16:06:11.083,3.000,44.000,46,40.000,46.000,538.000,682.000,22682.000,909.000,64.000,4.43,38.81
2026-09-12 16:06:12.083,2.000,31.000,49,40.000,46.000,538.000,405.000,22687.000,909.000,64.000,4.45,38.81
2026-09-12 16:06:13.083,2.000,33.000,49,40.000,46.000,538.000,422.000,22687.000,909.000,64.000,2.93,38.81
2026-09-12 16:06:14.084,1.000,22.000,48,40.000,46.000,538.000,340.000,22686.000,909.000,64.000,2.94,38.81
2026-09-12 16:06:15.083,2.000,38.000,49,40.000,46.000,538.000,420.000,22670.000,909.000,64.000,3.37,38.81
2026-09-12 16:06:16.081,4.000,58.000,47,39.000,46.000,538.000,511.000,22680.000,909.000,64.000,3.64,38.80
2026-09-12 16:06:17.083,4.000,70.000,46,40.000,46.000,538.000,554.000,22680.000,909.000,64.000,3.46,38.81
2026-09-12 16:06:18.080,3.000,46.000,47,39.000,46.000,538.000,468.000,22682.000,909.000,64.000,5.62,38.81
2026-09-12 16:06:19.080,2.000,36.000,44,40.000,46.000,538.000,523.000,22682.000,909.000,64.000,3.47,38.80
2026-09-12 16:06:20.083,4.000,71.000,47,39.000,46.000,538.000,562.000,22683.000,909.000,64.000,4.17,38.81
2026-09-12 16:06:21.080,2.000,32.000,48,39.000,46.000,538.000,439.000,22664.000,909.000,64.000,3.18,38.81
2026-09-12 16:06:22.083,3.000,52.000,48,39.000,46.000,538.000,548.000,22675.000,909.000,64.000,5.48,38.80
2026-09-12 16:06:23.082,1.000,26.000,49,39.000,46.000,538.000,356.000,22675.000,909.000,64.000,3.11,38.80
2026-09-12 16:06:24.083,2.000,32.000,47,39.000,46.000,553.000,411.000,22671.000,909.000,64.000,3.53,38.80
2026-09-12 16:06:25.083,2.000,28.000,49,39.000,46.000,550.000,394.000,22671.000,909.000,64.000,3.42,38.80
2026-09-12 16:06:26.083,2.000,32.000,48,39.000,46.000,548.000,450.000,22666.000,909.000,64.000,3.34,38.80
2026-09-12 16:06:27.083,2.000,31.000,49,39.000,46.000,549.000,475.000,22660.000,909.000,64.000,2.95,38.80
2026-09-12 16:06:28.082,2.000,27.000,46,39.000,46.000,553.000,454.000,22660.000,909.000,64.000,3.09,38.80
2026-09-12 16:06:29.083,2.000,26.000,49,39.000,46.000,546.000,389.000,22658.000,909.000,64.000,3.26,38.69
2026-09-12 16:06:30.080,2.000,27.000,46,39.000,46.000,560.000,430.000,22658.000,909.000,64.000,3.66,38.69
2026-09-12 16:06:31.082,2.000,32.000,47,39.000,46.000,568.000,455.000,22658.000,909.000,64.000,3.91,38.69
2026-09-12 16:06:32.081,0.000,0.000,42,39.000,46.000,565.000,54.000,22658.000,909.000,64.000,6.47,38.80
2026-09-12 16:06:33.081,0.000,31.000,39,39.000,46.000,538.000,688.000,22657.000,909.000,64.000,13.11,38.84
2026-09-12 16:06:34.080,0.000,25.000,48,39.000,46.000,557.000,680.000,22658.000,909.000,64.000,4.33,38.83
2026-09-12 16:06:35.080,0.000,0.000,49,39.000,46.000,568.000,54.000,22658.000,909.000,64.000,3.92,38.83
2026-09-12 16:06:36.080,0.000,0.000,49,39.000,46.000,538.000,54.000,22672.000,909.000,64.000,3.45,38.84
2026-09-12 16:06:37.080,1.000,3.000,49,39.000,46.000,541.000,145.000,22672.000,909.000,64.000,3.56,38.83
2026-09-12 16:06:38.083,2.000,20.000,38,39.000,46.000,538.000,202.000,22672.000,909.000,62.000,4.85,38.83
2026-09-12 16:06:39.083,2.000,22.000,47,39.000,46.000,553.000,267.000,22660.000,909.000,62.000,4.33,38.84
2026-09-12 16:06:40.080,2.000,23.000,47,39.000,46.000,538.000,327.000,22660.000,909.000,64.000,5.03,38.84
2026-09-12 16:06:41.081,2.000,16.000,50,39.000,46.000,556.000,353.000,22680.000,909.000,64.000,3.80,38.84
2026-09-12 16:06:42.080,6.000,66.000,48,39.000,46.000,538.000,538.000,22681.000,909.000,63.000,5.35,38.84
2026-09-12 16:06:43.083,1.000,20.000,47,39.000,46.000,538.000,413.000,22681.000,909.000,64.000,3.60,38.83
2026-09-12 16:06:44.083,2.000,40.000,46,39.000,45.000,538.000,591.000,22681.000,909.000,62.000,4.02,38.84
2026-09-12 16:06:45.083,0.000,10.000,50,39.000,45.000,546.000,344.000,22662.000,909.000,64.000,5.75,38.84
2026-09-12 16:06:46.080,0.000,0.000,49,39.000,45.000,560.000,53.000,22662.000,909.000,64.000,2.99,38.83
2026-09-12 16:06:47.081,0.000,0.000,44,38.000,45.000,538.000,55.000,22662.000,909.000,64.000,3.18,38.84
2026-09-12 16:06:48.080,1.000,13.000,48,39.000,45.000,538.000,265.000,22662.000,909.000,64.000,2.61,38.84
2026-09-12 16:06:49.080,1.000,17.000,45,39.000,45.000,538.000,338.000,22662.000,909.000,64.000,3.17,38.83
2026-09-12 16:06:50.081,1.000,10.000,49,39.000,45.000,538.000,239.000,22662.000,909.000,63.000,3.17,38.83
2026-09-12 16:06:51.084,6.000,90.000,46,39.000,45.000,538.000,683.000,22711.000,909.000,62.000,10.17,38.93
2026-09-12 16:06:52.084,3.000,54.000,45,39.000,45.000,538.000,457.000,22712.000,909.000,62.000,5.50,38.92
2026-09-12 16:06:53.083,10.000,137.000,45,39.000,45.000,363.000,684.000,22708.000,909.000,62.000,5.90,38.91
2026-09-12 16:06:54.080,5.000,88.000,45,39.000,45.000,211.000,682.000,22694.000,909.000,62.000,4.63,38.90
2026-09-12 16:06:55.083,2.000,49.000,46,39.000,45.000,209.000,586.000,22694.000,909.000,62.000,3.50,38.90
2026-09-12 16:06:56.083,15.000,214.000,45,39.000,46.000,209.000,685.000,22679.000,909.000,62.000,10.36,38.83
2026-09-12 16:06:57.081,4.000,52.000,50,39.000,45.000,209.000,291.000,22714.000,909.000,62.000,7.31,38.83
2026-09-12 16:06:58.081,2.000,33.000,41,39.000,45.000,0.000,494.000,22714.000,909.000,62.000,5.61,38.84
2026-09-12 16:06:59.080,6.000,90.000,47,39.000,46.000,0.000,650.000,22721.000,909.000,62.000,12.00,38.85
2026-09-12 16:07:00.081,3.000,37.000,49,39.000,45.000,0.000,468.000,22724.000,909.000,63.000,3.53,38.85
2026-09-12 16:07:01.081,5.000,97.000,45,39.000,46.000,0.000,683.000,22761.000,909.000,62.000,10.08,38.94
2026-09-12 16:07:02.084,10.000,140.000,45,39.000,46.000,0.000,684.000,22703.000,909.000,62.000,7.29,38.90
2026-09-12 16:07:03.080,4.000,68.000,45,39.000,46.000,0.000,630.000,22699.000,909.000,62.000,6.03,38.89
2026-09-12 16:07:04.081,7.000,115.000,45,39.000,46.000,0.000,683.000,22675.000,909.000,62.000,10.73,38.83
2026-09-12 16:07:05.081,2.000,34.000,46,39.000,46.000,0.000,500.000,22675.000,909.000,64.000,6.07,38.82
2026-09-12 16:07:06.081,12.000,165.000,45,39.000,46.000,0.000,684.000,22681.000,909.000,62.000,9.50,38.83
2026-09-12 16:07:07.083,4.000,60.000,79,40.000,47.000,0.000,452.000,22680.000,2373.000,63.000,5.52,38.83
2026-09-12 16:07:08.080,4.000,60.000,79,40.000,47.000,0.000,452.000,22680.000,2373.000,63.000,5.52,38.83
2026-09-12 16:07:09.081,6.000,103.000,76,40.000,48.000,0.000,682.000,22680.000,2360.000,64.000,4.71,38.83
2026-09-12 16:07:10.083,3.000,55.000,58,40.000,47.000,0.000,582.000,22687.000,1538.000,64.000,6.32,38.85
2026-09-12 16:07:11.083,6.000,92.000,81,40.000,48.000,0.000,683.000,22712.000,2487.000,64.000,7.58,38.86
2026-09-12 16:07:12.080,4.000,78.000,47,40.000,47.000,0.000,682.000,22710.000,909.000,64.000,4.01,38.85
2026-09-12 16:07:13.083,4.000,75.000,47,40.000,47.000,0.000,683.000,22690.000,909.000,64.000,4.82,38.86
2026-09-12 16:07:14.081,5.000,88.000,48,40.000,47.000,0.000,683.000,22684.000,909.000,64.000,3.67,38.85
2026-09-12 16:07:15.083,3.000,59.000,48,40.000,47.000,0.000,682.000,22684.000,909.000,64.000,3.75,38.85
2026-09-12 16:07:16.080,2.000,54.000,47,40.000,47.000,0.000,682.000,22684.000,909.000,64.000,3.62,38.85
2026-09-12 16:07:17.083,2.000,60.000,49,40.000,47.000,0.000,681.000,22684.000,909.000,64.000,4.14,38.85
2026-09-12 16:07:18.080,2.000,48.000,49,40.000,47.000,0.000,682.000,22684.000,909.000,64.000,3.72,38.85
2026-09-12 16:07:19.080,0.000,10.000,47,40.000,47.000,0.000,680.000,22684.000,909.000,64.000,4.21,38.86
2026-09-12 16:07:20.083,4.000,80.000,42,40.000,47.000,0.000,682.000,22684.000,708.000,64.000,3.90,38.86
2026-09-12 16:07:21.083,2.000,50.000,22,40.000,46.000,0.000,600.000,22688.000,47.000,62.000,10.45,38.88
2026-09-12 16:07:22.083,3.000,65.000,24,40.000,46.000,0.000,671.000,22700.000,56.000,62.000,12.48,38.88
2026-09-12 16:07:23.081,3.000,63.000,25,40.000,46.000,0.000,678.000,22700.000,63.000,62.000,11.52,38.89
2026-09-12 16:07:24.080,3.000,61.000,24,40.000,46.000,0.000,665.000,22683.000,59.000,62.000,7.16,38.90
2026-09-12 16:07:25.080,5.000,84.000,25,40.000,46.000,0.000,682.000,22691.000,71.000,62.000,9.46,38.91
2026-09-12 16:07:26.080,1.000,23.000,17,40.000,46.000,0.000,366.000,22691.000,34.000,62.000,11.59,38.91
2026-09-12 16:07:27.083,2.000,38.000,19,40.000,46.000,0.000,493.000,22683.000,34.000,62.000,3.25,38.91
2026-09-12 16:07:28.080,6.000,96.000,80,41.000,49.000,0.000,625.000,22699.000,2487.000,64.000,5.73,38.91
2026-09-12 16:07:29.084,2.000,32.000,61,41.000,48.000,0.000,395.000,22699.000,1600.000,64.000,4.33,38.91
2026-09-12 16:07:30.081,2.000,38.000,82,41.000,49.000,0.000,525.000,22675.000,2487.000,64.000,4.81,38.90
2026-09-12 16:07:31.080,2.000,29.000,83,41.000,49.000,0.000,424.000,22675.000,2487.000,65.000,3.56,38.90
2026-09-12 16:07:32.080,3.000,51.000,76,41.000,49.000,0.000,447.000,22680.000,2252.000,66.000,3.94,38.91
2026-09-12 16:07:33.083,7.000,88.000,81,41.000,49.000,0.000,499.000,22725.000,2487.000,66.000,6.34,38.91
2026-09-12 16:07:34.080,2.000,33.000,51,41.000,48.000,0.000,517.000,22719.000,1210.000,65.000,4.88,38.91
2026-09-12 16:07:35.083,2.000,42.000,48,41.000,48.000,0.000,501.000,22707.000,909.000,64.000,4.98,38.91
2026-09-12 16:07:36.080,2.000,26.000,49,41.000,48.000,0.000,396.000,22685.000,909.000,64.000,3.58,38.91
2026-09-12 16:07:37.080,1.000,32.000,47,41.000,48.000,0.000,450.000,22711.000,909.000,64.000,3.80,38.91
2026-09-12 16:07:38.083,1.000,25.000,47,41.000,48.000,0.000,414.000,22711.000,909.000,64.000,6.25,38.92
2026-09-12 16:07:39.080,2.000,27.000,44,41.000,48.000,0.000,480.000,22685.000,909.000,64.000,5.79,38.93
2026-09-12 16:07:40.082,7.000,104.000,45,41.000,48.000,0.000,526.000,22684.000,909.000,64.000,7.90,38.93
2026-09-12 16:07:41.080,3.000,42.000,47,41.000,48.000,0.000,501.000,22684.000,909.000,64.000,4.15,38.93
2026-09-12 16:07:42.083,2.000,41.000,46,41.000,48.000,0.000,521.000,22683.000,909.000,64.000,4.38,38.92
2026-09-12 16:07:43.080,2.000,36.000,49,41.000,48.000,0.000,505.000,22683.000,909.000,64.000,4.02,38.92
2026-09-12 16:07:44.083,2.000,36.000,48,41.000,48.000,0.000,481.000,22646.000,909.000,64.000,2.92,38.91
2026-09-12 16:07:45.083,4.000,74.000,47,41.000,48.000,0.000,609.000,22659.000,909.000,64.000,3.31,38.91
2026-09-12 16:07:46.084,6.000,93.000,47,42.000,48.000,0.000,683.000,22675.000,909.000,64.000,7.26,38.92
2026-09-12 16:07:47.080,4.000,66.000,47,42.000,48.000,0.000,589.000,22673.000,909.000,64.000,4.44,38.91
2026-09-12 16:07:48.080,6.000,106.000,46,42.000,48.000,0.000,682.000,22719.000,909.000,64.000,8.86,39.02
2026-09-12 16:07:49.080,3.000,69.000,44,42.000,48.000,0.000,685.000,22695.000,909.000,64.000,4.85,39.01
2026-09-12 16:07:50.083,10.000,161.000,46,42.000,48.000,0.000,683.000,22691.000,909.000,64.000,5.32,38.99
2026-09-12 16:07:51.082,32.000,1310.000,45,42.000,48.000,0.000,687.000,22679.000,909.000,64.000,8.38,38.94
2026-09-12 16:07:52.080,3.000,64.000,48,42.000,48.000,0.000,680.000,22695.000,909.000,64.000,8.29,38.93
2026-09-12 16:07:53.080,6.000,95.000,47,42.000,48.000,0.000,644.000,22718.000,909.000,64.000,8.09,38.94
2026-09-12 16:07:54.083,5.000,86.000,48,42.000,48.000,0.000,560.000,22706.000,909.000,64.000,10.61,38.95
2026-09-12 16:07:55.084,7.000,109.000,68,42.000,50.000,0.000,683.000,22695.000,1903.000,65.000,6.05,38.95
2026-09-12 16:07:56.083,4.000,79.000,77,42.000,50.000,0.000,681.000,22687.000,2288.000,66.000,4.20,38.94
2026-09-12 16:07:57.081,4.000,80.000,59,42.000,49.000,0.000,681.000,22667.000,1538.000,66.000,5.72,38.95
2026-09-12 16:07:58.080,4.000,75.000,52,42.000,49.000,0.000,681.000,22688.000,1147.000,66.000,7.50,38.95
2026-09-12 16:07:59.083,4.000,69.000,82,43.000,51.000,0.000,678.000,22740.000,2487.000,66.000,13.20,38.94
2026-09-12 16:08:00.080,0.000,10.000,88,43.000,51.000,0.000,684.000,22740.000,2487.000,66.000,13.34,38.94
2026-09-12 16:08:01.080,9.000,171.000,55,43.000,50.000,0.000,683.000,22700.000,1538.000,66.000,12.83,38.94
2026-09-12 16:08:02.080,4.000,59.000,48,43.000,49.000,0.000,682.000,22700.000,909.000,66.000,6.56,38.95
2026-09-12 16:08:03.080,0.000,29.000,83,43.000,51.000,0.000,679.000,22700.000,2487.000,66.000,11.11,38.95
2026-09-12 16:08:04.080,2.000,49.000,77,43.000,51.000,0.000,680.000,22700.000,2462.000,66.000,4.77,38.95
2026-09-12 16:08:05.080,12.000,177.000,83,43.000,51.000,0.000,680.000,22667.000,2487.000,66.000,5.05,38.96
2026-09-12 16:08:06.080,0.000,19.000,85,43.000,51.000,0.000,497.000,22667.000,2487.000,66.000,4.66,38.95
2026-09-12 16:08:07.081,1.000,30.000,61,43.000,51.000,0.000,636.000,22685.000,1538.000,66.000,5.13,38.94
2026-09-12 16:08:08.080,1.000,41.000,44,43.000,50.000,0.000,680.000,22684.000,909.000,66.000,4.62,38.94
2026-09-12 16:08:09.080,4.000,81.000,48,43.000,50.000,0.000,682.000,22675.000,909.000,66.000,6.55,38.94
2026-09-12 16:08:10.080,0.000,12.000,47,43.000,50.000,0.000,355.000,22675.000,909.000,66.000,4.44,38.94
2026-09-12 16:08:11.081,3.000,61.000,48,43.000,50.000,0.000,682.000,22683.000,909.000,66.000,5.34,38.94
2026-09-12 16:08:12.081,0.000,12.000,52,43.000,50.000,0.000,338.000,22683.000,909.000,66.000,3.01,38.94
2026-09-12 16:08:13.081,0.000,11.000,47,43.000,50.000,0.000,308.000,22666.000,909.000,66.000,4.57,38.93
2026-09-12 16:08:14.080,0.000,6.000,51,43.000,50.000,0.000,217.000,22666.000,909.000,66.000,5.22,38.93
2026-09-12 16:08:15.081,0.000,5.000,48,43.000,50.000,0.000,194.000,22647.000,909.000,66.000,2.84,38.93
2026-09-12 16:08:16.083,0.000,14.000,43,43.000,50.000,0.000,387.000,22647.000,909.000,66.000,3.53,38.92
2026-09-12 16:08:17.083,0.000,14.000,45,43.000,50.000,0.000,362.000,22647.000,909.000,66.000,3.45,38.92
2026-09-12 16:08:18.081,5.000,72.000,47,44.000,50.000,0.000,574.000,22655.000,909.000,66.000,4.30,38.92
2026-09-12 16:08:19.080,5.000,91.000,46,44.000,50.000,0.000,681.000,22655.000,909.000,66.000,6.75,38.93
2026-09-12 16:08:20.082,1.000,21.000,50,44.000,50.000,0.000,398.000,22655.000,909.000,66.000,5.18,38.93
2026-09-12 16:08:21.080,1.000,10.000,46,43.000,50.000,0.000,173.000,22655.000,909.000,66.000,3.39,38.93
2026-09-12 16:08:22.083,2.000,17.000,46,44.000,50.000,0.000,242.000,22655.000,909.000,66.000,2.98,38.93
2026-09-12 16:08:23.080,4.000,37.000,47,44.000,50.000,0.000,392.000,22655.000,909.000,66.000,4.11,38.92
2026-09-12 16:08:24.081,4.000,85.000,48,44.000,50.000,0.000,680.000,22655.000,909.000,66.000,3.17,38.92
2026-09-12 16:08:25.080,3.000,62.000,50,44.000,50.000,0.000,681.000,22655.000,909.000,66.000,3.65,38.92
2026-09-12 16:08:26.083,0.000,28.000,49,44.000,50.000,0.000,680.000,22655.000,909.000,66.000,2.92,38.92
2026-09-12 16:08:27.083,0.000,28.000,49,44.000,50.000,0.000,680.000,22655.000,909.000,66.000,2.92,38.92
2026-09-12 16:08:28.084,0.000,0.000,53,44.000,50.000,0.000,55.000,22645.000,909.000,66.000,2.92,38.92
2026-09-12 16:08:29.083,1.000,15.000,52,44.000,50.000,0.000,314.000,22645.000,909.000,66.000,2.70,38.92
2026-09-12 16:08:30.082,1.000,19.000,48,44.000,50.000,0.000,303.000,22655.000,909.000,66.000,3.50,38.92
2026-09-12 16:08:31.080,1.000,18.000,51,44.000,50.000,0.000,297.000,22655.000,909.000,66.000,2.86,38.92
2026-09-12 16:08:32.083,1.000,16.000,48,44.000,51.000,0.000,283.000,22655.000,909.000,66.000,2.84,38.92
2026-09-12 16:08:33.083,5.000,77.000,46,44.000,51.000,0.000,575.000,22655.000,909.000,66.000,4.26,38.93
2026-09-12 16:08:34.080,3.000,39.000,46,44.000,51.000,0.000,369.000,22660.000,909.000,66.000,5.27,38.93
2026-09-12 16:08:35.083,1.000,23.000,46,44.000,51.000,0.000,392.000,22660.000,909.000,66.000,4.37,38.93
2026-09-12 16:08:36.081,2.000,32.000,46,44.000,51.000,0.000,494.000,22660.000,909.000,66.000,5.58,38.93
2026-09-12 16:08:37.081,1.000,17.000,47,44.000,51.000,0.000,343.000,22660.000,909.000,66.000,6.19,38.93
2026-09-12 16:08:38.080,2.000,37.000,47,44.000,51.000,0.000,542.000,22659.000,909.000,66.000,3.78,38.93
2026-09-12 16:08:39.081,1.000,23.000,48,44.000,51.000,0.000,413.000,22659.000,909.000,66.000,3.98,38.93
2026-09-12 16:08:40.080,3.000,55.000,47,44.000,51.000,0.000,537.000,22661.000,909.000,66.000,3.73,38.93
2026-09-12 16:08:41.083,1.000,20.000,50,44.000,51.000,0.000,335.000,22661.000,909.000,66.000,3.23,38.93
2026-09-12 16:08:42.080,2.000,22.000,48,44.000,51.000,0.000,402.000,22661.000,909.000,66.000,3.33,38.93
2026-09-12 16:08:43.083,2.000,21.000,49,44.000,51.000,0.000,358.000,22650.000,909.000,66.000,3.09,38.92
2026-09-12 16:08:44.080,2.000,30.000,45,45.000,51.000,0.000,522.000,22595.000,909.000,66.000,4.66,38.92
2026-09-12 16:08:45.084,3.000,32.000,49,44.000,51.000,0.000,303.000,22604.000,909.000,66.000,3.52,38.92
2026-09-12 16:08:46.080,1.000,21.000,48,45.000,51.000,0.000,383.000,22606.000,909.000,66.000,4.14,38.92
2026-09-12 16:08:47.081,1.000,17.000,45,45.000,51.000,0.000,302.000,22606.000,909.000,66.000,3.91,38.92
2026-09-12 16:08:48.081,1.000,27.000,48,45.000,51.000,0.000,435.000,22611.000,909.000,66.000,4.50,38.92
2026-09-12 16:08:49.080,13.000,184.000,47,45.000,51.000,0.000,669.000,22685.000,909.000,66.000,4.92,38.94
2026-09-12 16:08:50.083,1.000,22.000,48,45.000,51.000,0.000,353.000,22670.000,909.000,66.000,5.28,38.94
2026-09-12 16:08:51.081,1.000,23.000,46,45.000,51.000,0.000,525.000,22595.000,909.000,66.000,4.22,38.93
2026-09-12 16:08:52.080,2.000,22.000,48,45.000,51.000,0.000,337.000,22595.000,909.000,66.000,4.32,38.93
2026-09-12 16:08:53.081,2.000,37.000,46,45.000,51.000,0.000,475.000,22595.000,909.000,66.000,4.07,38.93
2026-09-12 16:08:54.080,2.000,42.000,47,45.000,51.000,0.000,503.000,22595.000,909.000,66.000,3.87,38.94
2026-09-12 16:08:55.083,3.000,40.000,49,45.000,51.000,0.000,525.000,22595.000,909.000,66.000,7.92,38.94
2026-09-12 16:08:56.081,4.000,74.000,46,45.000,52.000,0.000,578.000,2616.000,909.000,66.000,9.85,38.73
2026-09-12 16:08:57.083,5.000,78.000,18,45.000,51.000,0.000,377.000,2617.000,79.000,66.000,11.11,27.94
2026-09-12 16:08:58.080,4.000,86.000,25,45.000,51.000,0.000,683.000,2611.000,57.000,66.000,14.55,15.52
2026-09-12 16:08:59.080,16.000,1390.000,58,45.000,52.000,0.000,687.000,3747.000,1538.000,66.000,17.50,14.49
2026-09-12 16:09:00.081,3.000,65.000,84,46.000,54.000,0.000,681.000,2748.000,2487.000,68.000,11.96,14.47
2026-09-12 16:09:01.080,2.000,51.000,61,45.000,52.000,0.000,680.000,2737.000,1538.000,68.000,11.21,14.57
2026-09-12 16:09:02.083,28.000,1447.000,66,46.000,52.000,0.000,696.000,15788.000,1538.000,68.000,9.94,14.64
2026-09-12 16:09:03.080,3.000,73.000,57,46.000,53.000,0.000,680.000,18093.000,1538.000,68.000,13.38,16.03
2026-09-12 16:09:04.080,5.000,87.000,45,46.000,52.000,0.000,681.000,18087.000,909.000,66.000,12.09,18.53
2026-09-12 16:09:05.084,7.000,120.000,45,46.000,52.000,0.000,683.000,18085.000,909.000,66.000,11.39,21.32
2026-09-12 16:09:06.080,13.000,224.000,45,46.000,52.000,0.000,682.000,18085.000,909.000,66.000,11.65,24.01
2026-09-12 16:09:07.083,4.000,81.000,52,46.000,53.000,0.000,681.000,18102.000,1237.000,66.000,11.81,26.67
2026-09-12 16:09:08.082,8.000,58.000,80,47.000,54.000,0.000,684.000,18102.000,2487.000,66.000,12.23,29.33
2026-09-12 16:09:09.083,4.000,72.000,84,47.000,54.000,0.000,682.000,23013.000,2487.000,68.000,11.04,30.44
2026-09-12 16:09:10.080,4.000,71.000,87,46.000,55.000,0.000,681.000,23265.000,2487.000,70.000,10.38,31.41
2026-09-12 16:09:11.083,2.000,44.000,70,47.000,54.000,0.000,680.000,23271.000,2233.000,70.000,4.49,31.40
2026-09-12 16:09:12.080,0.000,0.000,66,46.000,53.000,0.000,72.000,23284.000,1538.000,69.000,3.29,31.40
2026-09-12 16:09:13.083,13.000,182.000,48,46.000,53.000,0.000,685.000,23295.000,909.000,68.000,7.54,31.41
2026-09-12 16:09:14.081,4.000,69.000,82,47.000,55.000,0.000,681.000,23319.000,2487.000,68.000,6.21,31.51
2026-09-12 16:09:15.081,9.000,163.000,56,46.000,53.000,0.000,683.000,23293.000,1538.000,68.000,5.24,31.49
2026-09-12 16:09:16.081,1.000,24.000,76,47.000,55.000,0.000,595.000,23293.000,2487.000,68.000,5.44,31.48
2026-09-12 16:09:17.083,12.000,173.000,57,47.000,54.000,0.000,683.000,23301.000,1538.000,68.000,12.04,31.42
2026-09-12 16:09:18.083,15.000,241.000,47,47.000,53.000,0.000,685.000,23320.000,909.000,68.000,10.00,31.37
2026-09-12 16:09:19.080,5.000,65.000,50,46.000,53.000,0.000,514.000,23300.000,909.000,68.000,6.96,31.37
2026-09-12 16:09:20.080,3.000,64.000,83,47.000,55.000,0.000,681.000,23293.000,2487.000,68.000,10.16,31.39
2026-09-12 16:09:21.082,5.000,85.000,83,47.000,55.000,0.000,682.000,23282.000,2487.000,70.000,6.60,31.39
2026-09-12 16:09:22.080,8.000,127.000,56,47.000,54.000,0.000,682.000,23275.000,1538.000,68.000,5.64,31.40
2026-09-12 16:09:23.083,13.000,196.000,48,47.000,53.000,0.000,683.000,23275.000,909.000,68.000,8.98,31.40
2026-09-12 16:09:24.083,6.000,102.000,47,47.000,53.000,0.000,681.000,23293.000,909.000,68.000,13.27,31.40
2026-09-12 16:09:25.080,6.000,92.000,48,47.000,53.000,0.000,681.000,23295.000,909.000,68.000,13.80,31.40
2026-09-12 16:09:26.080,6.000,107.000,47,47.000,53.000,0.000,682.000,23295.000,909.000,68.000,8.85,31.42
2026-09-12 16:09:27.080,8.000,132.000,46,47.000,53.000,0.000,683.000,23294.000,909.000,68.000,8.72,31.42
2026-09-12 16:09:28.084,2.000,24.000,54,47.000,53.000,0.000,228.000,23295.000,1045.000,68.000,6.35,31.43
2026-09-12 16:09:29.082,1.000,10.000,85,47.000,55.000,0.000,254.000,23295.000,2487.000,70.000,3.17,31.43
2026-09-12 16:09:30.080,3.000,57.000,84,48.000,55.000,0.000,621.000,23293.000,2487.000,70.000,4.28,31.43
2026-09-12 16:09:31.081,2.000,29.000,69,48.000,55.000,0.000,390.000,23293.000,1903.000,70.000,4.17,31.42
2026-09-12 16:09:32.082,2.000,29.000,69,48.000,55.000,0.000,390.000,23293.000,1903.000,70.000,4.17,31.41
2026-09-12 16:09:33.081,3.000,57.000,84,48.000,56.000,0.000,543.000,23263.000,2487.000,70.000,4.56,31.41
2026-09-12 16:09:34.080,14.000,189.000,83,48.000,56.000,0.000,683.000,23273.000,2487.000,70.000,7.53,31.42
2026-09-12 16:09:35.080,0.000,14.000,62,48.000,55.000,0.000,415.000,23288.000,1538.000,70.000,5.28,31.42
2026-09-12 16:09:36.081,0.000,0.000,47,48.000,54.000,0.000,81.000,23291.000,909.000,70.000,4.03,31.42
2026-09-12 16:09:37.080,0.000,0.000,50,48.000,54.000,0.000,52.000,23279.000,909.000,68.000,5.01,31.42
2026-09-12 16:09:38.084,0.000,0.000,46,47.000,54.000,0.000,55.000,23334.000,909.000,70.000,4.22,31.42
2026-09-12 16:09:39.083,2.000,33.000,45,48.000,54.000,0.000,400.000,23261.000,909.000,69.000,2.75,31.41
2026-09-12 16:09:40.083,1.000,18.000,47,48.000,54.000,0.000,272.000,23258.000,909.000,70.000,4.33,31.41
2026-09-12 16:09:41.084,2.000,25.000,51,48.000,54.000,0.000,302.000,23252.000,909.000,70.000,4.31,31.42
2026-09-12 16:09:42.081,38.000,1515.000,133,48.000,57.000,0.000,658.000,23306.000,1395.000,70.000,7.03,31.92
2026-09-12 16:09:43.083,56.000,2020.000,277,52.000,66.000,0.000,806.000,23324.000,2487.000,72.000,11.74,31.92
2026-09-12 16:09:44.084,1.000,14.000,85,49.000,57.000,738.000,207.000,23324.000,2487.000,72.000,6.46,31.92
2026-09-12 16:09:45.083,1.000,22.000,60,48.000,55.000,957.000,334.000,23324.000,1538.000,71.000,8.50,31.93
2026-09-12 16:09:46.081,5.000,73.000,52,48.000,55.000,865.000,460.000,23314.000,957.000,70.000,7.91,31.93
2026-09-12 16:09:47.082,2.000,32.000,52,48.000,54.000,727.000,442.000,23308.000,909.000,70.000,5.56,32.24
2026-09-12 16:09:48.080,77.000,2110.000,294,50.000,63.000,616.000,827.000,23318.000,2459.000,71.000,7.62,32.37
2026-09-12 16:09:49.082,67.000,2109.000,294,53.000,67.000,584.000,809.000,23318.000,2487.000,74.000,11.37,32.37
2026-09-12 16:09:50.084,1.000,23.000,85,49.000,57.000,568.000,356.000,23315.000,2487.000,72.000,8.24,32.37
2026-09-12 16:09:51.083,10.000,146.000,84,49.000,57.000,594.000,621.000,23365.000,2487.000,71.000,5.51,32.37
2026-09-12 16:09:52.082,3.000,43.000,70,48.000,56.000,609.000,512.000,23359.000,1824.000,71.000,5.15,32.37
2026-09-12 16:09:53.081,5.000,95.000,84,48.000,57.000,628.000,681.000,23376.000,2487.000,70.000,7.80,32.37
2026-09-12 16:09:54.081,3.000,64.000,74,48.000,56.000,658.000,642.000,23335.000,2036.000,71.000,6.00,32.37
2026-09-12 16:09:55.082,1.000,27.000,84,48.000,56.000,669.000,396.000,23335.000,2487.000,71.000,4.33,32.37
2026-09-12 16:09:56.083,94.000,2460.000,408,53.000,70.000,688.000,878.000,23315.000,2487.000,74.000,11.93,32.81
2026-09-12 16:09:57.083,5.000,86.000,84,50.000,58.000,688.000,644.000,23315.000,2487.000,73.000,9.41,32.82
2026-09-12 16:09:58.084,9.000,128.000,70,49.000,57.000,713.000,641.000,23375.000,1973.000,72.000,5.56,32.82
2026-09-12 16:09:59.081,2.000,32.000,62,48.000,56.000,717.000,455.000,23365.000,1538.000,72.000,4.61,32.82
2026-09-12 16:10:00.083,2.000,36.000,87,48.000,56.000,734.000,539.000,23287.000,2487.000,72.000,3.69,32.82
2026-09-12 16:10:01.082,9.000,117.000,82,48.000,57.000,747.000,576.000,23306.000,2487.000,72.000,6.78,32.81
2026-09-12 16:10:02.081,6.000,88.000,76,48.000,56.000,747.000,449.000,23306.000,2128.000,72.000,8.02,32.82
2026-09-12 16:10:03.080,2.000,30.000,63,48.000,55.000,747.000,446.000,23310.000,1538.000,70.000,4.04,32.83
2026-09-12 16:10:04.081,95.000,2488.000,404,53.000,70.000,747.000,882.000,23326.000,2487.000,74.000,12.49,33.13
2026-09-12 16:10:05.081,94.000,2448.000,402,54.000,70.000,747.000,868.000,23316.000,2487.000,74.000,9.81,33.12
2026-09-12 16:10:06.081,52.000,1962.000,259,54.000,66.000,747.000,776.000,23304.000,2487.000,76.000,10.37,33.13
2026-09-12 16:10:07.088,0.000,12.000,87,50.000,58.000,747.000,328.000,23298.000,2487.000,74.000,3.58,33.13
2026-09-12 16:10:08.086,7.000,79.000,84,50.000,58.000,773.000,575.000,23307.000,2487.000,72.000,4.75,33.12
2026-09-12 16:10:09.087,6.000,34.000,60,49.000,56.000,777.000,341.000,23355.000,1538.000,72.000,6.60,33.12
2026-09-12 16:10:10.089,5.000,104.000,77,49.000,57.000,786.000,680.000,23355.000,2487.000,72.000,3.17,33.12
2026-09-12 16:10:11.085,0.000,26.000,83,49.000,56.000,777.000,680.000,23285.000,2487.000,72.000,3.03,33.12
2026-09-12 16:10:12.089,2.000,29.000,51,48.000,55.000,787.000,428.000,23279.000,909.000,72.000,2.85,33.12
2026-09-12 16:10:13.081,2.000,38.000,51,48.000,55.000,807.000,414.000,23279.000,909.000,71.000,2.87,33.11
2026-09-12 16:10:14.081,2.000,28.000,49,48.000,54.000,803.000,386.000,23279.000,909.000,70.000,3.82,33.11
2026-09-12 16:10:15.087,2.000,29.000,51,48.000,54.000,777.000,403.000,23279.000,909.000,70.000,2.77,33.11
2026-09-12 16:10:16.081,5.000,68.000,49,47.000,54.000,763.000,485.000,23310.000,909.000,70.000,3.72,33.11
2026-09-12 16:10:17.083,2.000,38.000,49,47.000,54.000,724.000,479.000,23310.000,909.000,70.000,2.80,33.11
2026-09-12 16:10:18.080,2.000,32.000,50,47.000,54.000,681.000,396.000,23280.000,909.000,70.000,3.97,33.11
2026-09-12 16:10:19.081,6.000,94.000,45,47.000,53.000,642.000,644.000,23306.000,743.000,70.000,10.97,33.12
2026-09-12 16:10:20.080,5.000,72.000,49,47.000,53.000,598.000,577.000,23306.000,909.000,70.000,5.02,33.12
2026-09-12 16:10:21.088,2.000,29.000,50,47.000,53.000,568.000,449.000,23306.000,909.000,70.000,4.15,33.12
2026-09-12 16:10:22.081,55.000,1742.000,230,48.000,60.000,557.000,714.000,23315.000,1843.000,70.000,9.31,33.42
2026-09-12 16:10:23.088,4.000,68.000,83,48.000,56.000,538.000,570.000,23318.000,2487.000,71.000,6.93,33.43
2026-09-12 16:10:24.081,2.000,34.000,69,47.000,55.000,538.000,390.000,23306.000,1859.000,70.000,6.54,33.43
2026-09-12 16:10:25.083,4.000,70.000,80,47.000,55.000,538.000,554.000,23308.000,2371.000,70.000,5.64,33.42
2026-09-12 16:10:26.090,5.000,80.000,80,47.000,55.000,538.000,667.000,23308.000,2337.000,70.000,9.93,33.43
2026-09-12 16:10:27.082,4.000,59.000,86,47.000,55.000,538.000,523.000,23309.000,2487.000,71.000,5.08,33.41
2026-09-12 16:10:28.081,21.000,1536.000,133,49.000,59.000,538.000,711.000,23322.000,2487.000,72.000,10.94,33.72
2026-09-12 16:10:29.082,2.000,37.000,82,48.000,56.000,560.000,551.000,23317.000,2487.000,72.000,4.13,33.71
2026-09-12 16:10:30.081,1.000,31.000,49,47.000,54.000,568.000,428.000,23289.000,909.000,70.000,3.79,33.71
2026-09-12 16:10:31.083,10.000,148.000,47,47.000,53.000,568.000,682.000,23362.000,909.000,70.000,7.16,33.71
2026-09-12 16:10:32.081,2.000,31.000,48,46.000,53.000,597.000,434.000,23362.000,909.000,70.000,4.48,33.71
2026-09-12 16:10:33.081,1.000,24.000,50,46.000,53.000,568.000,431.000,23354.000,909.000,70.000,4.99,33.71
2026-09-12 16:10:34.083,1.000,25.000,48,46.000,53.000,568.000,441.000,23280.000,909.000,70.000,4.87,33.71
2026-09-12 16:10:35.081,9.000,139.000,48,46.000,53.000,568.000,682.000,23288.000,909.000,69.000,4.38,33.68
2026-09-12 16:10:36.083,4.000,62.000,47,46.000,53.000,568.000,447.000,23304.000,909.000,69.000,7.07,33.62
2026-09-12 16:10:37.083,1.000,12.000,51,46.000,53.000,568.000,340.000,23325.000,909.000,69.000,9.78,33.62
2026-09-12 16:10:38.081,0.000,14.000,52,46.000,52.000,568.000,391.000,23325.000,909.000,70.000,4.29,33.62
2026-09-12 16:10:39.083,0.000,0.000,47,46.000,52.000,568.000,54.000,23321.000,909.000,68.000,5.03,33.63
2026-09-12 16:10:40.083,9.000,70.000,47,45.000,52.000,568.000,681.000,23301.000,909.000,68.000,4.69,33.62
2026-09-12 16:10:41.083,3.000,72.000,80,46.000,54.000,562.000,680.000,23302.000,2487.000,70.000,5.43,33.62
2026-09-12 16:10:42.081,0.000,42.000,55,46.000,54.000,546.000,680.000,23301.000,1538.000,70.000,5.98,33.62
2026-09-12 16:10:43.082,0.000,33.000,87,46.000,54.000,538.000,680.000,23301.000,2487.000,70.000,5.34,33.62
2026-09-12 16:10:44.081,0.000,0.000,88,46.000,54.000,538.000,54.000,23314.000,2487.000,70.000,6.15,33.61
2026-09-12 16:10:45.081,0.000,0.000,68,46.000,53.000,538.000,54.000,23314.000,1538.000,70.000,3.76,33.61
2026-09-12 16:10:46.081,2.000,10.000,62,45.000,53.000,538.000,173.000,23309.000,1538.000,70.000,4.77,33.61
2026-09-12 16:10:47.084,0.000,0.000,50,45.000,52.000,538.000,54.000,23312.000,909.000,68.000,7.48,33.62
2026-09-12 16:10:48.081,0.000,0.000,46,45.000,52.000,538.000,55.000,23318.000,909.000,68.000,4.58,33.63
2026-09-12 16:10:49.087,0.000,1.000,46,45.000,52.000,564.000,76.000,23318.000,909.000,68.000,3.72,33.63
2026-09-12 16:10:50.081,2.000,61.000,82,45.000,54.000,538.000,680.000,23313.000,2487.000,70.000,6.14,33.63
2026-09-12 16:10:51.089,1.000,10.000,86,45.000,54.000,538.000,183.000,23322.000,2487.000,70.000,4.32,33.63
2026-09-12 16:10:52.081,1.000,13.000,88,45.000,54.000,538.000,185.000,23308.000,2487.000,70.000,3.06,33.63
2026-09-12 16:10:53.086,5.000,87.000,82,46.000,54.000,538.000,680.000,23355.000,2487.000,69.000,10.09,33.74
2026-09-12 16:10:54.089,11.000,168.000,56,45.000,52.000,538.000,682.000,23337.000,1538.000,68.000,6.54,33.72
2026-09-12 16:10:55.082,10.000,163.000,79,46.000,53.000,538.000,683.000,23337.000,2487.000,68.000,5.23,33.71
2026-09-12 16:10:56.080,4.000,46.000,82,45.000,54.000,538.000,456.000,23337.000,2487.000,69.000,4.80,33.72
2026-09-12 16:10:57.087,6.000,113.000,56,45.000,52.000,538.000,682.000,23313.000,1538.000,68.000,10.28,33.67
2026-09-12 16:10:58.090,7.000,112.000,48,45.000,51.000,538.000,612.000,23342.000,909.000,68.000,12.52,33.66
2026-09-12 16:10:59.089,6.000,101.000,49,45.000,51.000,538.000,681.000,23331.000,909.000,68.000,8.17,33.68
2026-09-12 16:11:00.081,6.000,101.000,49,45.000,51.000,538.000,681.000,23331.000,909.000,68.000,8.17,33.69
2026-09-12 16:11:01.081,5.000,96.000,82,45.000,53.000,538.000,681.000,23331.000,2487.000,68.000,10.88,33.70
2026-09-12 16:11:02.081,3.000,69.000,81,45.000,53.000,538.000,680.000,23319.000,2487.000,68.000,4.87,33.71
2026-09-12 16:11:03.086,2.000,62.000,79,45.000,53.000,538.000,680.000,23300.000,2407.000,68.000,9.91,33.71
2026-09-12 16:11:04.081,4.000,85.000,83,45.000,53.000,538.000,680.000,23300.000,2487.000,69.000,7.55,33.70
2026-09-12 16:11:05.087,5.000,79.000,82,45.000,53.000,538.000,626.000,23303.000,2487.000,69.000,13.31,33.72
2026-09-12 16:11:06.081,5.000,89.000,74,45.000,53.000,538.000,681.000,23303.000,2200.000,68.000,10.29,33.73
2026-09-12 16:11:07.086,5.000,102.000,81,45.000,53.000,538.000,683.000,23301.000,2487.000,68.000,12.52,33.73
2026-09-12 16:11:08.091,3.000,63.000,47,45.000,51.000,538.000,681.000,23301.000,909.000,68.000,11.47,33.72
2026-09-12 16:11:09.082,5.000,94.000,48,44.000,51.000,538.000,681.000,23300.000,909.000,66.000,6.66,33.73
2026-09-12 16:11:10.081,6.000,119.000,46,44.000,51.000,538.000,682.000,23302.000,909.000,66.000,7.09,33.73
2026-09-12 16:11:11.083,0.000,42.000,43,44.000,50.000,538.000,679.000,23302.000,909.000,66.000,4.52,33.73
2026-09-12 16:11:12.081,1.000,23.000,48,44.000,51.000,538.000,372.000,23300.000,909.000,67.000,3.43,33.72
2026-09-12 16:11:13.088,2.000,19.000,49,44.000,51.000,538.000,354.000,23300.000,909.000,68.000,4.38,33.72
2026-09-12 16:11:14.087,2.000,36.000,50,44.000,51.000,554.000,364.000,23300.000,909.000,67.000,4.16,33.72
2026-09-12 16:11:15.081,2.000,21.000,49,44.000,51.000,548.000,259.000,23330.000,909.000,67.000,5.17,33.72
2026-09-12 16:11:16.081,1.000,20.000,86,44.000,52.000,548.000,274.000,23299.000,2487.000,68.000,3.21,33.72
2026-09-12 16:11:17.088,3.000,50.000,82,44.000,52.000,538.000,449.000,23331.000,2402.000,69.000,3.94,33.73
2026-09-12 16:11:18.086,1.000,27.000,86,44.000,52.000,538.000,399.000,23371.000,2487.000,69.000,3.78,33.73
2026-09-12 16:11:19.086,1.000,29.000,85,44.000,52.000,538.000,406.000,23299.000,2487.000,69.000,3.28,33.73
2026-09-12 16:11:20.081,1.000,25.000,62,44.000,51.000,538.000,362.000,23370.000,1574.000,69.000,3.98,33.73
2026-09-12 16:11:21.081,2.000,35.000,57,44.000,51.000,538.000,499.000,23370.000,1451.000,68.000,4.81,33.73
2026-09-12 16:11:22.081,1.000,19.000,47,44.000,50.000,538.000,317.000,23372.000,909.000,68.000,9.40,33.73
2026-09-12 16:11:23.082,1.000,15.000,47,44.000,50.000,548.000,326.000,23372.000,909.000,66.000,4.22,33.73
2026-09-12 16:11:24.081,5.000,77.000,48,44.000,50.000,548.000,502.000,23315.000,909.000,67.000,5.81,33.73
2026-09-12 16:11:25.086,3.000,43.000,50,44.000,50.000,558.000,464.000,23314.000,909.000,67.000,13.36,33.72
2026-09-12 16:11:26.081,6.000,87.000,49,44.000,50.000,555.000,587.000,23374.000,909.000,67.000,10.79,33.73
2026-09-12 16:11:27.088,2.000,27.000,50,43.000,50.000,545.000,352.000,23375.000,909.000,66.000,5.57,33.73
2026-09-12 16:11:28.081,10.000,138.000,46,43.000,50.000,558.000,646.000,23373.000,909.000,66.000,5.03,33.73
2026-09-12 16:11:29.081,7.000,112.000,73,44.000,51.000,538.000,641.000,23371.000,2082.000,66.000,5.56,33.71
2026-09-12 16:11:30.081,6.000,98.000,80,44.000,52.000,538.000,682.000,23364.000,2447.000,68.000,4.78,33.71
2026-09-12 16:11:31.084,7.000,104.000,56,43.000,50.000,538.000,619.000,23340.000,1538.000,66.000,7.86,33.72
2026-09-12 16:11:32.081,7.000,125.000,46,43.000,50.000,538.000,682.000,23295.000,909.000,66.000,5.39,33.73
2026-09-12 16:11:33.081,2.000,37.000,72,43.000,51.000,538.000,510.000,23295.000,2001.000,66.000,4.58,33.71
2026-09-12 16:11:34.085,2.000,34.000,85,43.000,52.000,538.000,470.000,23266.000,2487.000,68.000,3.08,33.71
2026-09-12 16:11:35.081,2.000,43.000,60,43.000,50.000,538.000,447.000,23282.000,1538.000,68.000,7.53,33.72
2026-09-12 16:11:36.081,2.000,17.000,81,43.000,52.000,538.000,292.000,23282.000,2487.000,67.000,3.16,33.71
2026-09-12 16:11:37.081,1.000,7.000,72,43.000,51.000,538.000,128.000,23282.000,2078.000,68.000,4.06,33.71
2026-09-12 16:11:38.081,2.000,22.000,59,43.000,50.000,538.000,201.000,23282.000,1538.000,68.000,4.97,33.71
2026-09-12 16:11:39.083,50.000,1510.000,133,44.000,51.000,538.000,718.000,23283.000,1871.000,66.000,9.63,33.71
2026-09-12 16:11:40.081,93.000,2508.000,410,49.000,65.000,538.000,896.000,23300.000,2487.000,70.000,15.07,34.04
2026-09-12 16:11:41.086,9.000,137.000,76,46.000,54.000,538.000,681.000,23273.000,2487.000,70.000,10.42,34.05
2026-09-12 16:11:42.081,2.000,38.000,79,45.000,53.000,555.000,468.000,23258.000,2487.000,68.000,3.79,34.06
2026-09-12 16:11:43.081,2.000,46.000,79,45.000,53.000,568.000,487.000,23243.000,2487.000,68.000,3.82,34.05
2026-09-12 16:11:44.081,3.000,47.000,81,45.000,53.000,581.000,628.000,23243.000,2469.000,68.000,3.95,34.05
2026-09-12 16:11:45.088,10.000,156.000,69,44.000,52.000,598.000,667.000,23302.000,1999.000,68.000,6.14,34.06
2026-09-12 16:11:46.081,8.000,111.000,71,44.000,52.000,600.000,524.000,23373.000,2068.000,68.000,4.35,34.06
2026-09-12 16:11:47.087,2.000,38.000,82,44.000,52.000,610.000,423.000,23373.000,2398.000,68.000,3.56,34.03
2026-09-12 16:11:48.086,2.000,46.000,80,44.000,52.000,628.000,543.000,23251.000,2487.000,68.000,3.81,34.03
2026-09-12 16:11:49.086,2.000,39.000,82,44.000,52.000,628.000,537.000,23252.000,2465.000,68.000,4.33,34.03
2026-09-12 16:11:50.081,6.000,94.000,81,44.000,52.000,628.000,639.000,23276.000,2446.000,68.000,7.48,34.03
2026-09-12 16:11:51.083,2.000,34.000,81,44.000,52.000,628.000,475.000,23276.000,2487.000,68.000,5.32,34.02
2026-09-12 16:11:52.081,3.000,45.000,85,44.000,52.000,628.000,489.000,23273.000,2487.000,68.000,9.62,34.03
2026-09-12 16:11:53.083,27.000,1292.000,118,45.000,53.000,628.000,600.000,23261.000,1953.000,68.000,6.43,34.17
2026-09-12 16:11:54.081,95.000,2473.000,402,49.000,66.000,628.000,879.000,23278.000,2487.000,72.000,11.70,34.34
2026-09-12 16:11:55.081,4.000,74.000,82,46.000,54.000,628.000,625.000,23276.000,2487.000,70.000,6.99,34.36
2026-09-12 16:11:56.081,4.000,69.000,69,45.000,53.000,628.000,597.000,23261.000,1862.000,70.000,4.97,34.36
2026-09-12 16:11:57.082,4.000,74.000,81,45.000,53.000,628.000,651.000,23263.000,2487.000,69.000,5.56,34.35
2026-09-12 16:11:58.081,3.000,56.000,71,45.000,52.000,635.000,544.000,23263.000,2000.000,68.000,7.14,34.36
2026-09-12 16:11:59.082,2.000,37.000,83,45.000,53.000,657.000,467.000,23264.000,2487.000,69.000,4.29,34.36
2026-09-12 16:12:00.081,2.000,26.000,83,45.000,53.000,657.000,423.000,23264.000,2487.000,69.000,3.68,34.36
2026-09-12 16:12:01.083,69.000,1955.000,249,47.000,58.000,637.000,801.000,23279.000,2487.000,70.000,10.31,34.67
2026-09-12 16:12:02.081,53.000,1970.000,255,49.000,62.000,628.000,792.000,23286.000,2487.000,72.000,13.07,34.82
2026-09-12 16:12:03.083,8.000,115.000,83,46.000,54.000,628.000,531.000,23336.000,2487.000,70.000,5.46,34.82
2026-09-12 16:12:04.081,1.000,22.000,51,45.000,52.000,628.000,383.000,23387.000,909.000,68.000,7.29,34.81
2026-09-12 16:12:05.083,0.000,9.000,49,45.000,51.000,643.000,246.000,23404.000,909.000,68.000,9.28,34.81
2026-09-12 16:12:06.081,2.000,21.000,83,45.000,53.000,657.000,357.000,23399.000,2487.000,69.000,4.40,34.81
2026-09-12 16:12:07.082,1.000,20.000,64,45.000,52.000,628.000,368.000,23399.000,1538.000,70.000,4.04,34.81
2026-09-12 16:12:08.081,1.000,32.000,83,45.000,53.000,628.000,376.000,23246.000,2487.000,70.000,2.84,34.80
2026-09-12 16:12:09.083,94.000,2487.000,401,50.000,67.000,598.000,885.000,23271.000,2487.000,72.000,11.56,35.25
2026-09-12 16:12:10.081,0.000,0.000,81,45.000,54.000,568.000,55.000,23271.000,2487.000,70.000,5.51,35.26
2026-09-12 16:12:11.081,0.000,60.000,76,45.000,53.000,568.000,690.000,23260.000,2487.000,68.000,5.37,35.26
2026-09-12 16:12:12.081,5.000,106.000,87,45.000,53.000,568.000,680.000,23264.000,2487.000,70.000,7.81,35.26
2026-09-12 16:12:13.086,6.000,83.000,50,45.000,51.000,568.000,680.000,23264.000,909.000,68.000,3.80,35.27
2026-09-12 16:12:14.081,100.000,2717.000,351,46.000,61.000,549.000,959.000,23265.000,2047.000,68.000,8.55,35.26
2026-09-12 16:12:15.083,96.000,2526.000,422,50.000,67.000,538.000,899.000,23278.000,2487.000,72.000,10.03,35.57
2026-09-12 16:12:16.086,88.000,2478.000,389,51.000,67.000,538.000,911.000,23409.000,2487.000,74.000,11.90,35.57
2026-09-12 16:12:17.086,21.000,1342.000,81,48.000,55.000,546.000,683.000,23397.000,2487.000,70.000,10.79,35.58
2026-09-12 16:12:18.081,5.000,71.000,81,47.000,55.000,568.000,515.000,23400.000,2487.000,70.000,5.18,35.58
2026-09-12 16:12:19.084,4.000,83.000,81,46.000,55.000,568.000,684.000,23246.000,2487.000,70.000,4.82,35.57
2026-09-12 16:12:20.081,3.000,53.000,84,46.000,54.000,598.000,563.000,23242.000,2487.000,70.000,3.37,35.57
2026-09-12 16:12:21.081,11.000,165.000,80,46.000,54.000,598.000,682.000,23260.000,2487.000,70.000,4.71,35.58
2026-09-12 16:12:22.082,11.000,169.000,78,46.000,54.000,622.000,681.000,23260.000,2487.000,70.000,5.80,35.57
2026-09-12 16:12:23.082,11.000,169.000,78,46.000,54.000,622.000,681.000,23260.000,2487.000,70.000,5.80,35.58
2026-09-12 16:12:24.081,2.000,41.000,81,46.000,54.000,628.000,591.000,23260.000,2487.000,70.000,4.80,35.58
2026-09-12 16:12:25.081,2.000,54.000,80,46.000,54.000,628.000,680.000,23260.000,2487.000,70.000,4.31,35.52
2026-09-12 16:12:26.086,3.000,66.000,64,46.000,53.000,628.000,620.000,23260.000,1538.000,70.000,8.22,35.51
2026-09-12 16:12:27.089,2.000,24.000,84,45.000,54.000,628.000,445.000,23260.000,2487.000,70.000,3.46,35.51
2026-09-12 16:12:28.084,6.000,90.000,68,46.000,53.000,628.000,613.000,23262.000,1998.000,70.000,7.75,35.51
2026-09-12 16:12:29.086,2.000,38.000,84,46.000,54.000,598.000,580.000,23262.000,2487.000,70.000,3.77,35.51
2026-09-12 16:12:30.081,18.000,1242.000,57,45.000,52.000,589.000,643.000,23273.000,1538.000,70.000,8.94,35.61
2026-09-12 16:12:31.081,7.000,116.000,47,45.000,52.000,568.000,681.000,23296.000,909.000,68.000,5.81,35.59
2026-09-12 16:12:32.081,8.000,140.000,47,45.000,52.000,568.000,683.000,23292.000,909.000,68.000,5.40,35.59
2026-09-12 16:12:33.082,8.000,111.000,47,45.000,52.000,566.000,681.000,23279.000,909.000,68.000,4.42,35.58
2026-09-12 16:12:34.081,17.000,1343.000,46,45.000,51.000,555.000,684.000,23318.000,909.000,68.000,6.25,35.52
2026-09-12 16:12:35.081,10.000,165.000,45,45.000,51.000,538.000,683.000,23270.000,909.000,68.000,10.85,35.53
2026-09-12 16:12:36.081,10.000,142.000,48,45.000,51.000,538.000,683.000,23297.000,909.000,68.000,6.27,35.53
2026-09-12 16:12:37.083,2.000,38.000,48,44.000,51.000,538.000,430.000,23299.000,909.000,68.000,7.31,35.56
2026-09-12 16:12:38.086,7.000,112.000,47,44.000,51.000,538.000,681.000,23283.000,909.000,68.000,8.94,35.56
2026-09-12 16:12:39.088,3.000,57.000,84,45.000,53.000,538.000,681.000,23280.000,2487.000,68.000,7.59,35.58
2026-09-12 16:12:40.081,3.000,66.000,60,45.000,52.000,538.000,680.000,23270.000,1538.000,68.000,7.39,35.58
2026-09-12 16:12:41.088,2.000,35.000,50,44.000,51.000,538.000,551.000,23257.000,1061.000,68.000,6.59,35.58
2026-09-12 16:12:42.081,3.000,60.000,83,45.000,53.000,538.000,680.000,23320.000,2487.000,69.000,12.96,35.59
2026-09-12 16:12:43.086,3.000,61.000,85,45.000,53.000,538.000,637.000,23320.000,2487.000,68.000,8.68,35.60
2026-09-12 16:12:44.091,2.000,29.000,84,45.000,53.000,538.000,671.000,23326.000,2487.000,68.000,12.25,35.61
2026-09-12 16:12:45.084,0.000,32.000,60,44.000,51.000,538.000,680.000,23286.000,1538.000,68.000,11.03,35.60
2026-09-12 16:12:46.089,30.000,1368.000,48,44.000,51.000,538.000,645.000,23286.000,909.000,68.000,8.91,35.60
2026-09-12 16:12:47.082,5.000,86.000,47,44.000,51.000,538.000,658.000,23278.000,909.000,66.000,8.40,35.60
2026-09-12 16:12:48.088,1.000,28.000,50,44.000,51.000,538.000,401.000,23280.000,909.000,67.000,6.62,35.61
2026-09-12 16:12:49.088,2.000,34.000,82,44.000,53.000,538.000,401.000,23282.000,2487.000,68.000,4.49,35.61
2026-09-12 16:12:50.081,7.000,112.000,56,44.000,51.000,538.000,681.000,23282.000,1538.000,68.000,4.41,35.60
2026-09-12 16:12:51.082,8.000,126.000,47,44.000,51.000,538.000,682.000,23285.000,968.000,68.000,4.40,35.60
2026-09-12 16:12:52.081,2.000,36.000,47,44.000,51.000,538.000,440.000,23285.000,909.000,68.000,2.96,35.60
2026-09-12 16:12:53.081,2.000,38.000,84,44.000,52.000,538.000,513.000,23258.000,2487.000,69.000,2.99,35.60
2026-09-12 16:12:54.087,2.000,39.000,84,44.000,52.000,538.000,544.000,23258.000,2487.000,68.000,2.83,35.60
2026-09-12 16:12:55.088,1.000,30.000,77,44.000,52.000,538.000,460.000,23258.000,2159.000,70.000,3.53,35.59
2026-09-12 16:12:56.081,2.000,35.000,82,44.000,52.000,538.000,466.000,23258.000,2487.000,68.000,3.53,35.60
2026-09-12 16:12:57.083,2.000,40.000,64,44.000,52.000,538.000,521.000,23247.000,1883.000,69.000,3.42,35.60
2026-09-12 16:12:58.081,3.000,61.000,46,44.000,51.000,538.000,527.000,23256.000,967.000,67.000,5.23,35.60
2026-09-12 16:12:59.081,5.000,88.000,46,44.000,50.000,538.000,681.000,23256.000,909.000,66.000,4.82,35.60
